survived,pclass,sex,age,sibsp,parch,fare,embarked,who,adult_male,embark_town,alive,alone,family_size,class_Second,class_Third,age_group_Teenager,age_group_Young Adult,age_group_Adult
0,3,1,-0.5303538713815358,1,0,-0.5176199049813022,2,man,1,Southampton,0.0,0,2,False,True,False,True,False
1,1,0,0.8065821350033459,1,0,0.7127822635902696,0,woman,0,Cherbourg,0.0,0,2,False,False,False,False,True
1,3,0,-0.19611986978531534,0,0,-0.5046497556404778,2,woman,0,Southampton,0.0,1,1,False,True,False,True,False
1,1,0,0.5559066338061806,1,0,0.363389498391733,2,woman,0,Southampton,0.0,0,2,False,False,False,True,False
0,3,1,0.5559066338061806,0,0,-0.5022478761329178,2,man,1,Southampton,0.0,1,1,False,True,False,True,False
0,3,1,0.11297285360260084,0,0,-0.4944023769094235,1,man,1,Queenstown,0.0,1,1,False,True,False,True,False
0,1,1,2.1435181413882276,0,0,0.3396108912668882,2,man,1,Southampton,0.0,1,1,False,False,False,False,True
0,3,1,-2.2015238793626377,3,1,-0.251972031445158,2,child,0,Southampton,0.0,0,5,False,True,False,False,False
1,3,0,-0.11256136938626023,0,2,-0.44300215544763794,2,woman,0,Southampton,0.0,0,3,False,True,False,True,False
1,2,0,-1.1988218745739765,1,0,-0.07911741005228673,0,child,0,Cherbourg,0.0,0,2,True,False,True,False,False
1,3,0,-2.0344068785645275,1,1,-0.33603781420976064,2,child,0,Southampton,0.0,0,3,False,True,False,False,False
0,3,1,-0.6974708721796459,0,0,-0.5022478761329178,2,man,1,Southampton,0.0,1,1,False,True,False,True,False
0,3,1,0.890140635402401,1,5,-0.055978663628255994,2,man,1,Southampton,0.0,0,7,False,True,False,False,True
0,3,0,-1.1988218745739765,0,0,-0.5060101801935598,2,child,0,Southampton,0.0,1,1,False,True,True,False,False
1,2,0,2.2270766417872827,0,0,-0.349488339452097,2,woman,0,Southampton,0.0,1,1,True,False,False,False,True
0,3,1,-2.2015238793626377,4,1,-0.09729099115828924,1,child,0,Queenstown,0.0,0,6,False,True,False,False,False
1,2,1,0.11297285360260084,0,0,-0.4071334476335388,2,man,1,Southampton,0.0,1,1,True,False,False,True,False
0,3,0,0.22167263220996017,1,0,-0.31105826733113584,2,woman,0,Southampton,0.0,0,2,False,True,False,True,False
1,3,0,0.11297285360260084,0,0,-0.5181002808828142,0,woman,0,Cherbourg,0.0,1,1,False,True,False,True,False
0,2,1,0.5559066338061806,0,0,-0.1573379788472911,2,man,1,Southampton,0.0,1,1,True,False,False,True,False
1,2,1,0.47234813340712545,0,0,-0.4071334476335388,2,man,1,Southampton,0.0,1,1,True,False,False,True,False
1,3,0,-1.1152633741749214,0,0,-0.5026475488829758,1,child,0,Queenstown,0.0,1,1,False,True,True,False,False
1,1,1,-0.029002868987205135,0,0,0.02520486372727454,2,man,1,Southampton,0.0,1,1,False,False,False,True,False
0,3,0,-1.700172876968307,3,1,-0.251972031445158,2,child,0,Southampton,0.0,0,5,False,True,False,False,False
1,3,0,0.8065821350033459,1,5,-0.05381697207145191,2,woman,0,Southampton,0.0,0,7,False,True,False,False,True
0,3,1,0.11297285360260084,0,0,-0.5181002808828142,0,man,1,Cherbourg,0.0,1,1,False,True,False,True,False
0,1,1,-0.781029372578701,3,2,4.39662556748661,2,man,1,Southampton,0.0,0,6,False,False,False,True,False
1,3,0,0.11297285360260084,0,0,-0.5055298042920479,1,woman,0,Queenstown,0.0,1,1,False,True,False,True,False
0,3,1,0.11297285360260084,0,0,-0.5052108346934439,2,man,1,Southampton,0.0,1,1,False,True,False,True,False
0,1,1,0.9736991358014561,0,0,-0.12427274479441608,0,man,1,Cherbourg,0.0,1,1,False,False,False,False,True
1,1,0,0.11297285360260084,1,0,2.1584735391906786,0,woman,0,Cherbourg,0.0,0,2,False,False,False,True,False
1,3,0,0.11297285360260084,0,0,-0.5080123869510619,1,woman,0,Queenstown,0.0,1,1,False,True,False,True,False
0,1,1,-0.029002868987205135,1,0,0.9219859686987522,0,man,1,Cherbourg,0.0,0,2,False,False,False,True,False
0,1,1,1.1408161365995662,1,0,0.34225295872520434,2,man,1,Southampton,0.0,0,2,False,False,False,False,True
1,3,1,0.11297285360260084,0,0,-0.5180195777313602,0,man,1,Cherbourg,0.0,1,1,False,True,False,True,False
0,3,1,-0.6139123717805908,0,0,-0.5022478761329178,2,man,1,Southampton,0.0,1,1,False,True,False,True,False
0,3,0,-0.8645878729777561,2,0,-0.31105826733113584,2,woman,0,Southampton,0.0,0,3,False,True,True,False,False
1,3,0,-1.1988218745739765,1,0,-0.4409192455386818,0,child,0,Cherbourg,0.0,0,2,False,True,True,False,False
0,3,0,0.9736991358014561,1,0,-0.47486644974673287,2,woman,0,Southampton,0.0,0,2,False,True,False,False,True
0,2,0,-0.11256136938626023,1,0,-0.25341315914969403,2,woman,0,Southampton,0.0,0,2,True,False,False,True,False
0,3,1,0.11297285360260084,0,0,-0.5052108346934439,0,man,1,Cherbourg,0.0,1,1,False,True,False,True,False
1,2,0,-2.1179653789635826,1,2,0.14201691094614816,0,child,0,Cherbourg,0.0,0,4,True,False,False,False,False
1,3,0,-0.781029372578701,0,0,-0.5055298042920479,1,woman,0,Queenstown,0.0,1,1,False,True,False,True,False
0,3,1,0.11297285360260084,0,0,-0.5022478761329178,2,man,1,Southampton,0.0,1,1,False,True,False,True,False
0,3,1,0.11297285360260084,1,0,-0.3590958574823373,1,man,1,Queenstown,0.0,0,2,False,True,False,True,False
0,3,1,0.11297285360260084,2,0,-0.24036230665741562,0,man,1,Cherbourg,0.0,0,3,False,True,False,True,False
0,3,0,-0.8645878729777561,1,0,-0.31490127454323197,2,woman,0,Southampton,0.0,0,2,False,True,True,False,False
0,3,1,-1.7837313773673622,4,1,0.10566782723053703,2,child,0,Southampton,0.0,0,6,False,True,False,False,False
0,3,1,-0.6139123717805908,0,0,-0.5070516351480379,2,man,1,Southampton,0.0,1,1,False,True,False,True,False
1,1,0,1.7257256393929519,1,0,0.8174254284720411,0,woman,0,Cherbourg,0.0,0,2,False,False,False,False,True
1,2,0,0.054555631411849964,1,0,-0.1573379788472911,2,woman,0,Southampton,0.0,0,2,True,False,False,True,False
1,1,1,0.11297285360260084,0,0,0.02520486372727454,2,man,1,Southampton,0.0,1,1,False,False,False,True,False
1,2,0,-0.6139123717805908,0,0,-0.4551710377847403,2,woman,0,Southampton,0.0,1,1,True,False,False,True,False
0,3,1,0.012776381212322415,0,0,-0.5180195777313602,0,man,1,Cherbourg,0.0,1,1,False,True,False,True,False
1,2,0,-1.9508483781654724,1,2,-0.12371166574145005,2,child,0,Southampton,0.0,0,4,True,False,False,False,False
0,3,1,-1.4494973757711418,5,2,0.24425627481675327,2,child,0,Southampton,0.0,0,8,False,True,False,False,False
0,3,1,-0.5303538713815358,0,0,-0.5180195777313602,0,man,1,Cherbourg,0.0,1,1,False,True,False,True,False
1,1,0,0.8065821350033459,0,0,0.8802739684186609,2,woman,0,Southampton,0.0,1,1,False,False,False,False,True
0,1,1,1.3914916377967315,1,0,0.9470462187288309,2,man,1,Southampton,0.0,0,2,False,False,False,False,True
0,3,1,-2.0344068785645275,3,2,-0.120829410332378,2,child,0,Southampton,0.0,0,6,False,True,False,False,False
0,1,1,0.11297285360260084,0,0,-0.12427274479441608,0,man,1,Cherbourg,0.0,1,1,False,False,False,True,False
1,3,1,0.11297285360260084,1,1,-0.36398031964891153,0,man,1,Cherbourg,0.0,0,3,False,True,False,True,False
1,2,0,0.054555631411849964,0,0,-0.4551710377847403,2,woman,0,Southampton,0.0,1,1,True,False,False,True,False
0,3,1,-0.781029372578701,0,0,-0.5001668877275677,2,man,1,Southampton,0.0,1,1,False,True,False,True,False
1,3,0,-0.9481463733768112,4,2,-0.5046497556404778,2,woman,0,Southampton,0.0,0,7,False,True,True,False,False
0,3,1,-0.19611986978531534,2,0,-0.49047866654587335,2,man,1,Southampton,0.0,0,3,False,True,False,True,False
0,2,1,0.30523113260901524,0,0,-0.4551710377847403,2,man,1,Southampton,0.0,1,1,True,False,False,True,False
0,3,0,-1.0317048737758663,5,2,0.24425627481675327,2,woman,0,Southampton,0.0,0,8,False,True,True,False,False
0,2,1,-0.6139123717805908,0,0,0.7553762340255371,2,man,1,Southampton,0.0,1,1,True,False,False,True,False
0,3,1,-0.19611986978531534,1,0,-0.3791909421943879,0,man,1,Cherbourg,0.0,0,2,False,True,False,True,False
1,3,1,0.30523113260901524,0,0,0.42863991784591304,2,man,1,Southampton,0.0,1,1,False,True,False,True,False
0,3,1,-0.2796783701843704,0,0,-0.50993389055711,2,man,1,Southampton,0.0,1,1,False,True,False,True,False
1,2,1,-2.2992873248295322,0,2,-0.09969287066584932,2,child,0,Southampton,0.0,0,3,True,False,False,False,False
1,3,0,0.13811413181090507,0,0,-0.4172213415652911,2,woman,0,Southampton,0.0,1,1,False,True,False,True,False
0,3,1,-0.5303538713815358,0,0,-0.4839935918754612,2,man,1,Southampton,0.0,1,1,False,True,False,True,False
1,3,1,0.054555631411849964,0,0,-0.47438607384522086,2,man,1,Southampton,0.0,1,1,False,True,False,True,False
1,3,0,0.11297285360260084,0,0,-0.5072918230987938,1,woman,0,Queenstown,0.0,1,1,False,True,False,True,False
0,1,1,-0.029002868987205135,0,0,0.24809928202884945,2,man,1,Southampton,0.0,1,1,False,False,False,True,False
1,2,0,-0.9481463733768112,0,0,-0.4551710377847403,2,woman,0,Southampton,0.0,1,1,True,False,True,False,False
1,3,0,0.38878963300807035,3,0,-0.35237059486116906,2,woman,0,Southampton,0.0,0,4,False,True,False,True,False
0,3,1,-1.0317048737758663,1,3,0.0035879481592338714,2,man,1,Southampton,0.0,0,5,False,True,True,False,False
1,1,0,-0.4467953709824806,3,2,4.39662556748661,2,woman,0,Southampton,0.0,0,6,False,False,False,True,False
0,3,1,-0.3632368705834255,0,0,-0.5022478761329178,2,man,1,Southampton,0.0,1,1,False,True,False,True,False
0,3,1,0.054555631411849964,0,0,-0.5022478761329178,2,man,1,Southampton,0.0,1,1,False,True,False,True,False
0,3,1,-0.6974708721796459,0,0,-0.5060101801935598,2,man,1,Southampton,0.0,1,1,False,True,False,True,False
0,1,1,1.4750501381957866,1,0,0.5185509145801137,2,man,1,Southampton,0.0,0,2,False,False,False,False,True
0,3,1,-0.19611986978531534,1,2,-0.26157954947539835,2,man,1,Southampton,0.0,0,4,False,True,False,True,False
1,1,1,-0.4467953709824806,0,1,0.560503102810961,0,man,1,Cherbourg,0.0,0,2,False,False,False,True,False
1,2,0,0.47234813340712545,0,1,-0.21498308702873287,2,woman,0,Southampton,0.0,0,2,True,False,False,True,False
0,2,1,0.47234813340712545,1,0,-0.1573379788472911,2,man,1,Southampton,0.0,0,2,True,False,False,True,False
0,3,0,-0.029002868987205135,0,0,-0.5052108346934439,2,woman,0,Southampton,0.0,1,1,False,True,False,True,False
0,1,1,-0.6139123717805908,0,1,0.8281531831046072,2,man,1,Southampton,0.0,0,2,False,False,False,True,False
0,3,1,0.38878963300807035,0,0,-0.49063815134517536,2,man,1,Southampton,0.0,1,1,False,True,False,True,False
0,3,1,0.7230236346042908,2,0,-0.5046497556404778,2,man,1,Southampton,0.0,0,3,False,True,False,False,True
0,3,1,-0.029002868987205135,0,0,-0.5052108346934439,2,man,1,Southampton,0.0,1,1,False,True,False,True,False
1,3,0,-0.6139123717805908,0,0,-0.50993389055711,2,woman,0,Southampton,0.0,1,1,False,True,False,True,False
1,3,1,0.11297285360260084,0,0,-0.5075320110495499,2,man,1,Southampton,0.0,1,1,False,True,False,True,False
0,3,1,0.8065821350033459,0,0,-0.5052108346934439,2,man,1,Southampton,0.0,1,1,False,True,False,False,True
1,3,0,0.11297285360260084,1,0,-0.19288579555918023,1,woman,0,Queenstown,0.0,0,2,False,True,False,True,False
0,1,1,1.5586086385948417,0,0,0.34225295872520434,2,man,1,Southampton,0.0,1,1,False,False,False,False,True
0,3,0,-1.157042624374449,1,0,-0.3791909421943879,0,child,0,Cherbourg,0.0,0,2,False,True,True,False,False
0,3,1,-0.5303538713815358,0,0,-0.5022478761329178,2,man,1,Southampton,0.0,1,1,False,True,False,True,False
0,3,0,-0.6974708721796459,1,0,-0.4681411871255647,2,woman,0,Southampton,0.0,0,2,False,True,False,True,False
0,3,0,-0.9481463733768112,0,0,-0.37911216054653996,0,woman,0,Cherbourg,0.0,1,1,False,True,True,False,False
0,3,1,-0.6139123717805908,0,0,-0.5046497556404778,2,man,1,Southampton,0.0,1,1,False,True,False,True,False
0,2,1,0.054555631411849964,1,0,-0.25341315914969403,2,man,1,Southampton,0.0,0,2,True,False,False,True,False
0,1,1,-0.3632368705834255,0,1,4.099192181299219,0,man,1,Cherbourg,0.0,0,2,False,False,False,True,False
0,3,0,-2.2015238793626377,4,2,-0.055978663628255994,2,child,0,Southampton,0.0,0,7,False,True,False,False,False
0,2,1,-0.6139123717805908,2,0,0.7553762340255371,2,man,1,Southampton,0.0,0,3,True,False,False,True,False
0,2,1,0.3470103828085428,1,0,-0.07911741005228673,0,man,1,Cherbourg,0.0,0,2,True,False,False,True,False
1,2,0,0.3470103828085428,0,0,-0.4071334476335388,2,woman,0,Southampton,0.0,1,1,True,False,False,True,False
0,1,1,2.1435181413882276,0,1,0.8281531831046072,2,man,1,Southampton,0.0,0,2,False,False,False,False,True
1,3,1,-1.3659388753720867,1,0,-0.4409192455386818,0,child,0,Cherbourg,0.0,0,2,False,True,False,False,False
0,3,1,0.11297285360260084,0,0,-0.5080123869510619,1,man,1,Queenstown,0.0,1,1,False,True,False,True,False
1,3,1,-0.3632368705834255,0,0,-0.5197008933866523,2,man,1,Southampton,0.0,1,1,False,True,False,True,False
1,3,0,0.11297285360260084,1,1,-0.22731337566874327,0,woman,0,Cherbourg,0.0,0,3,False,True,False,True,False
0,3,1,1.3914916377967315,0,0,-0.5229040398979343,2,man,1,Southampton,0.0,1,1,False,True,False,False,True
0,3,1,0.38878963300807035,0,0,-0.5052108346934439,0,man,1,Cherbourg,0.0,1,1,False,True,False,True,False
0,3,1,-0.6974708721796459,0,0,-0.5214629121933984,2,man,1,Southampton,0.0,1,1,False,True,False,True,False
0,3,0,1.5586086385948417,1,0,-0.37831089354281794,2,woman,0,Southampton,0.0,0,2,False,True,False,False,True
0,2,1,-0.2796783701843704,0,0,-0.4071334476335388,2,man,1,Southampton,0.0,1,1,True,False,False,True,False
0,2,1,-0.4467953709824806,0,0,-0.3678233268610076,0,man,1,Cherbourg,0.0,1,1,True,False,False,True,False
1,1,0,-0.781029372578701,0,2,-0.15189435913135693,2,woman,0,Southampton,0.0,0,3,False,False,False,True,False
0,1,1,0.7230236346042908,1,0,0.363389498391733,2,man,1,Southampton,0.0,0,2,False,False,False,False,True
0,3,1,-1.0317048737758663,0,0,-0.47982969356115507,2,man,1,Southampton,0.0,1,1,False,True,True,False,False
0,1,1,-0.3632368705834255,0,0,0.8649019395702765,0,man,1,Cherbourg,0.0,1,1,False,False,False,True,False
0,3,0,0.11297285360260084,0,2,-0.36398031964891153,0,woman,0,Cherbourg,0.0,0,3,False,True,False,True,False
1,3,0,-0.5303538713815358,0,0,-0.5080123869510619,2,woman,0,Southampton,0.0,1,1,False,True,False,True,False
1,3,0,-0.3632368705834255,1,0,-0.35237059486116906,2,woman,0,Southampton,0.0,0,2,False,True,False,True,False
0,3,1,-0.781029372578701,0,0,-0.5272274230115425,1,man,1,Queenstown,0.0,1,1,False,True,False,True,False
0,2,1,-0.8645878729777561,0,0,-0.4359560017242597,2,man,1,Southampton,0.0,1,1,True,False,True,False,False
0,2,1,-0.781029372578701,1,1,0.04922365880287528,2,man,1,Southampton,0.0,0,3,True,False,False,True,False
1,3,1,-0.11256136938626023,0,0,-0.5071323382994919,2,man,1,Southampton,0.0,1,1,False,True,False,True,False
0,3,0,-1.616614376569252,2,2,0.0035879481592338714,2,child,0,Southampton,0.0,0,5,False,True,False,False,False
0,2,1,0.6812443844047632,0,2,-0.1573379788472911,2,man,1,Southampton,0.0,0,3,True,False,False,False,True
0,2,1,1.1408161365995662,0,0,-0.4071334476335388,2,man,1,Southampton,0.0,1,1,True,False,False,False,True
0,2,1,1.892842640191062,0,0,-0.4162605897622671,2,man,1,Southampton,0.0,1,1,True,False,False,False,True
1,1,0,-0.5303538713815358,1,0,0.6227924852082208,2,woman,0,Southampton,0.0,0,2,False,False,False,True,False
0,3,1,2.26885589198681,0,0,-0.5022478761329178,2,man,1,Southampton,0.0,1,1,False,True,False,False,True
0,3,1,1.0154783860009835,0,2,-0.37831089354281794,2,man,1,Southampton,0.0,0,3,False,True,False,False,True
0,3,1,0.11297285360260084,0,0,-0.5164189652275222,2,man,1,Southampton,0.0,1,1,False,True,False,True,False
0,1,1,1.892842640191062,0,1,0.5224746249436638,0,man,1,Cherbourg,0.0,0,2,False,False,False,False,True
1,3,0,-1.0317048737758663,0,0,-0.508333278053272,1,woman,0,Queenstown,0.0,1,1,False,True,True,False,False
0,3,1,0.13811413181090507,0,0,-0.5022478761329178,2,man,1,Southampton,0.0,1,1,False,True,False,True,False
0,3,1,0.11297285360260084,0,0,-0.49047866654587335,2,man,1,Southampton,0.0,1,1,False,True,False,True,False
0,3,1,0.11297285360260084,8,2,0.6794768415866387,2,man,1,Southampton,0.0,0,11,False,True,False,True,False
0,3,1,1.3079331373976764,0,1,-0.3475668358460489,2,man,1,Southampton,0.0,0,2,False,True,False,False,True
1,2,0,0.9736991358014561,0,0,-0.35429209846721715,2,woman,0,Southampton,0.0,1,1,True,False,False,False,True
0,3,1,-0.19611986978531534,0,0,-0.5075320110495499,2,man,1,Southampton,0.0,1,1,False,True,False,True,False
0,3,1,-0.9481463733768112,0,0,-0.49047866654587335,2,man,1,Southampton,0.0,1,1,False,True,True,False,False
0,3,1,-2.285082379761693,4,1,0.10566782723053703,2,child,0,Southampton,0.0,0,6,False,True,False,False,False
1,3,1,-1.616614376569252,0,2,-0.26254030127842237,2,child,0,Southampton,0.0,0,3,False,True,False,False,False
1,1,0,0.11297285360260084,0,1,0.3998980669066461,2,woman,0,Southampton,0.0,0,2,False,False,False,True,False
0,3,0,1.3914916377967315,1,4,-0.120829410332378,2,woman,0,Southampton,0.0,0,6,False,True,False,False,True
0,1,1,0.11297285360260084,0,0,-0.15877910655182711,2,man,1,Southampton,0.0,1,1,False,False,False,True,False
0,3,1,-0.029002868987205135,0,0,0.42863991784591304,2,man,1,Southampton,0.0,1,1,False,True,False,True,False
0,3,1,-2.0344068785645275,4,1,-0.09729099115828924,1,child,0,Queenstown,0.0,0,6,False,True,False,False,False
1,3,0,-2.285082379761693,1,1,-0.44300215544763794,2,child,0,Southampton,0.0,0,3,False,True,False,False,False
0,1,1,2.310635142186338,0,0,-0.06710801251448635,0,man,1,Cherbourg,0.0,1,1,False,False,False,False,True
0,3,1,-0.8645878729777561,1,1,-0.5060101801935598,2,man,1,Southampton,0.0,0,3,False,True,True,False,False
0,3,1,0.11297285360260084,3,1,-0.16758535757834542,2,man,1,Southampton,0.0,0,5,False,True,False,True,False
0,1,0,1.809284139792007,0,0,-0.10521719353323751,0,woman,0,Cherbourg,0.0,1,1,False,False,False,False,True
0,2,1,0.13811413181090507,0,0,-0.4071334476335388,2,man,1,Southampton,0.0,1,1,True,False,False,True,False
0,3,1,0.6394651342052357,0,0,-0.6569289164197866,2,man,1,Southampton,0.0,1,1,False,True,False,False,True
0,3,0,0.11297285360260084,8,2,0.6794768415866387,2,woman,0,Southampton,0.0,0,11,False,True,False,True,False
0,2,1,0.11297285360260084,0,0,-0.3677426237095536,0,man,1,Cherbourg,0.0,1,1,True,False,False,True,False
0,3,1,-1.616614376569252,4,2,-0.05381697207145191,2,child,0,Southampton,0.0,0,7,False,True,False,False,False
1,2,1,-2.285082379761693,2,1,0.09245748993895661,2,child,0,Southampton,0.0,0,4,True,False,False,False,False
1,3,0,-2.0344068785645275,0,2,-0.23371774718770147,2,child,0,Southampton,0.0,0,3,False,True,False,False,False
0,1,1,0.11297285360260084,0,0,0.3038228866042431,2,man,1,Southampton,0.0,1,1,False,False,False,True,False
1,3,0,0.11297285360260084,1,0,-0.3590958574823373,1,woman,0,Queenstown,0.0,0,2,False,True,False,True,False
1,1,1,1.3914916377967315,0,0,-0.14676970901402675,2,man,1,Southampton,0.0,1,1,False,False,False,False,True
0,3,1,0.9736991358014561,1,1,-0.3590958574823373,1,man,1,Queenstown,0.0,0,3,False,True,False,False,True
0,3,1,0.6394651342052357,0,0,-0.5052108346934439,2,man,1,Southampton,0.0,1,1,False,True,False,False,True
1,2,0,0.30523113260901524,0,0,-0.4071334476335388,2,woman,0,Southampton,0.0,1,1,True,False,False,True,False
0,2,1,-0.781029372578701,0,0,-0.4071334476335388,2,man,1,Southampton,0.0,1,1,True,False,False,True,False
1,3,0,-0.781029372578701,1,0,-0.5060101801935598,2,woman,0,Southampton,0.0,0,2,False,True,False,True,False
1,2,1,-2.1179653789635826,1,1,-0.1573379788472911,2,child,0,Southampton,0.0,0,3,True,False,False,False,False
1,1,0,1.3079331373976764,0,0,-0.12427274479441608,0,woman,0,Cherbourg,0.0,1,1,False,False,False,False,True
0,3,1,1.1408161365995662,0,1,-0.4954419103602955,2,man,1,Southampton,0.0,0,2,False,True,False,False,True
0,2,0,-0.3632368705834255,0,0,-0.4071334476335388,2,woman,0,Southampton,0.0,1,1,True,False,False,True,False
0,3,1,-0.029002868987205135,0,0,-0.47438607384522086,2,man,1,Southampton,0.0,1,1,False,True,False,True,False
0,3,1,0.47234813340712545,0,0,-0.5321118851781167,2,man,1,Southampton,0.0,1,1,False,True,False,True,False
0,3,1,1.433270887996259,0,0,-0.5181002808828142,0,man,1,Cherbourg,0.0,1,1,False,True,False,False,True
1,3,1,-0.8645878729777561,0,0,-0.5022478761329178,2,man,1,Southampton,0.0,1,1,False,True,True,False,False
0,3,0,-2.2015238793626377,0,1,-0.4558916016370083,2,child,0,Southampton,0.0,0,2,False,True,False,False,False
0,3,1,0.30523113260901524,1,0,-0.35237059486116906,2,man,1,Southampton,0.0,0,2,False,True,False,True,False
1,3,1,-0.19611986978531534,0,0,-0.29592642643350736,0,man,1,Cherbourg,0.0,1,1,False,True,False,True,False
1,3,0,-1.0317048737758663,0,0,-0.5080123869510619,1,woman,0,Queenstown,0.0,1,1,False,True,True,False,False
1,1,1,0.9736991358014561,0,0,-0.06126279854488813,0,man,1,Cherbourg,0.0,1,1,False,False,False,False,True
0,3,1,-0.3632368705834255,0,0,-0.5214629121933984,2,man,1,Southampton,0.0,1,1,False,True,False,True,False
1,2,0,0.5559066338061806,0,0,-0.25341315914969403,2,woman,0,Southampton,0.0,1,1,True,False,False,True,False
0,3,1,-0.5303538713815358,0,0,-0.5176199049813022,2,man,1,Southampton,0.0,1,1,False,True,False,True,False
0,3,1,0.11297285360260084,1,0,-0.5080123869510619,1,man,1,Queenstown,0.0,0,2,False,True,False,True,False
1,1,0,0.22167263220996017,1,0,1.5196542933311528,0,woman,0,Cherbourg,0.0,0,2,False,False,False,True,False
1,3,0,-0.11256136938626023,0,0,-0.5046497556404778,2,woman,0,Southampton,0.0,1,1,False,True,False,True,False
0,2,1,1.1408161365995662,1,0,-0.1381229427868105,2,man,1,Southampton,0.0,0,2,True,False,False,False,True
1,1,0,0.30523113260901524,0,0,0.8090188501955808,0,woman,0,Cherbourg,0.0,1,1,False,False,False,True,False
0,2,1,0.13811413181090507,0,0,-0.4551710377847403,2,man,1,Southampton,0.0,1,1,True,False,False,True,False
1,3,1,-1.0317048737758663,0,0,-0.5022478761329178,2,man,1,Southampton,0.0,1,1,False,True,True,False,False
0,2,1,-0.11256136938626023,0,0,-0.4071334476335388,2,man,1,Southampton,0.0,1,1,True,False,False,True,False
0,3,1,1.892842640191062,0,0,-0.5022478761329178,2,man,1,Southampton,0.0,1,1,False,True,False,False,True
1,1,1,0.8065821350033459,1,0,1.072424329023467,2,man,1,Southampton,0.0,0,2,False,False,False,False,True
0,3,1,-0.5303538713815358,0,0,-0.47726832925429297,2,man,1,Southampton,0.0,1,1,False,True,False,True,False
1,2,1,-0.781029372578701,0,0,-0.4551710377847403,2,man,1,Southampton,0.0,1,1,True,False,False,True,False
0,3,1,-0.6556916219801183,0,0,-0.5176199049813022,2,man,1,Southampton,0.0,1,1,False,True,False,True,False
0,2,1,-0.8645878729777561,0,0,-0.4071334476335388,2,man,1,Southampton,0.0,1,1,True,False,True,False,False
0,3,0,0.11297285360260084,3,1,-0.16758535757834542,2,woman,0,Southampton,0.0,0,5,False,True,False,True,False
1,1,0,0.5559066338061806,1,0,0.9470462187288309,2,woman,0,Southampton,0.0,0,2,False,False,False,True,False
0,3,1,0.054555631411849964,0,0,-0.5075320110495499,2,man,1,Southampton,0.0,1,1,False,True,False,True,False
1,3,0,-1.9508483781654724,4,2,-0.05381697207145191,2,child,0,Southampton,0.0,0,7,False,True,False,False,False
0,2,1,-0.3632368705834255,0,0,-0.4551710377847403,2,man,1,Southampton,0.0,1,1,True,False,False,True,False
0,3,0,0.11297285360260084,0,0,-0.5118553941631581,2,woman,0,Southampton,0.0,1,1,False,True,False,True,False
0,2,1,1.3079331373976764,1,0,-0.1573379788472911,2,man,1,Southampton,0.0,0,2,True,False,False,False,True
1,2,0,-1.700172876968307,0,2,-0.15253421983217094,2,child,0,Southampton,0.0,0,3,True,False,False,False,False
0,2,1,-0.781029372578701,0,0,-0.4551710377847403,2,man,1,Southampton,0.0,1,1,True,False,False,True,False
0,2,1,0.38878963300807035,0,0,-0.42106434877738724,2,man,1,Southampton,0.0,1,1,True,False,False,True,False
0,3,0,0.11297285360260084,1,0,-0.3791909421943879,0,woman,0,Cherbourg,0.0,0,2,False,True,False,True,False
0,2,1,0.054555631411849964,0,0,-0.4551710377847403,2,man,1,Southampton,0.0,1,1,True,False,False,True,False
0,3,1,-0.5303538713815358,0,0,-0.5200217844888623,2,man,1,Southampton,0.0,1,1,False,True,False,True,False
0,3,1,0.13811413181090507,0,0,-0.5181002808828142,0,man,1,Cherbourg,0.0,1,1,False,True,False,True,False
0,1,1,1.3079331373976764,2,0,1.072424329023467,1,man,1,Queenstown,0.0,0,3,False,False,False,False,True
0,3,0,-0.2796783701843704,0,0,-0.5075320110495499,2,woman,0,Southampton,0.0,1,1,False,True,False,True,False
1,2,0,-0.3632368705834255,0,2,-0.37831089354281794,2,woman,0,Southampton,0.0,0,3,True,False,False,True,False
1,1,1,0.7230236346042908,1,1,0.3529019317099227,2,man,1,Southampton,0.0,0,3,False,False,False,False,True
0,2,1,2.1435181413882276,1,0,-0.1573379788472911,2,man,1,Southampton,0.0,0,2,True,False,False,False,True
0,3,1,0.11297285360260084,0,0,-0.5176199049813022,2,man,1,Southampton,0.0,1,1,False,True,False,True,False
0,3,0,0.054555631411849964,1,1,-0.4558916016370083,2,woman,0,Southampton,0.0,0,3,False,True,False,True,False
0,3,1,0.13811413181090507,1,0,-0.3475668358460489,2,man,1,Southampton,0.0,0,2,False,True,False,True,False
0,3,0,1.057257636200511,0,2,-0.26854500004732257,2,woman,0,Southampton,0.0,0,3,False,True,False,False,True
1,3,0,0.054555631411849964,0,2,-0.36398031964891153,0,woman,0,Cherbourg,0.0,0,3,False,True,False,True,False
1,1,0,0.11297285360260084,0,0,0.8649019395702765,0,woman,0,Cherbourg,0.0,1,1,False,False,False,True,False
1,1,0,0.13811413181090507,0,0,1.0051717028117848,2,woman,0,Southampton,0.0,1,1,False,False,False,True,False
1,1,0,0.5559066338061806,0,0,9.187495136417388,0,woman,0,Cherbourg,0.0,1,1,False,False,False,True,False
1,2,0,1.809284139792007,0,1,-0.1573379788472911,2,woman,0,Southampton,0.0,0,2,True,False,False,False,True
1,3,1,-2.1179653789635826,4,2,-0.05381697207145191,2,child,0,Southampton,0.0,0,7,False,True,False,False,False
0,1,1,1.9764011405901172,1,1,0.8735487057974929,2,man,1,Southampton,0.0,0,3,False,False,False,False,True
0,1,1,0.9736991358014561,0,0,-0.6569289164197866,2,man,1,Southampton,0.0,1,1,False,False,False,False,True
0,3,0,0.11297285360260084,0,0,-0.5080123869510619,1,woman,0,Queenstown,0.0,1,1,False,True,False,True,False
0,2,1,0.6394651342052357,0,0,-0.4551710377847403,2,man,1,Southampton,0.0,1,1,True,False,False,False,True
0,3,1,-1.0317048737758663,4,1,0.10566782723053703,2,man,1,Southampton,0.0,0,6,False,True,True,False,False
1,3,1,-0.2796783701843704,1,0,-0.5075320110495499,2,man,1,Southampton,0.0,0,2,False,True,False,True,False
1,1,0,0.5559066338061806,0,0,1.9492698340821957,2,woman,0,Southampton,0.0,1,1,False,False,False,True,False
0,1,1,0.11297285360260084,0,0,-0.06126279854488813,2,man,1,Southampton,0.0,1,1,False,False,False,True,False
1,3,1,-0.2796783701843704,0,0,-0.6569289164197866,2,man,1,Southampton,0.0,1,1,False,True,False,True,False
1,2,0,1.057257636200511,0,1,-0.28223571324041496,2,woman,0,Southampton,0.0,0,2,True,False,False,False,True
0,1,1,0.7230236346042908,0,1,-0.08624234542351292,0,man,1,Cherbourg,0.0,0,2,False,False,False,False,True
0,3,0,1.3914916377967315,0,0,-0.5080123869510619,2,woman,0,Southampton,0.0,1,1,False,True,False,False,True
0,2,1,0.11297285360260084,0,0,-0.6569289164197866,2,man,1,Southampton,0.0,1,1,True,False,False,True,False
0,3,1,-1.7837313773673622,4,1,-0.09729099115828924,1,child,0,Queenstown,0.0,0,6,False,True,False,False,False
1,3,0,0.5559066338061806,1,1,-0.2678244361950545,2,woman,0,Southampton,0.0,0,3,False,True,False,True,False
0,3,1,-0.029002868987205135,0,0,-0.5060101801935598,2,man,1,Southampton,0.0,1,1,False,True,False,True,False
0,3,1,-1.0317048737758663,0,0,-0.47438607384522086,2,man,1,Southampton,0.0,1,1,False,True,True,False,False
1,3,1,-0.781029372578701,0,0,-0.5022478761329178,2,man,1,Southampton,0.0,1,1,False,True,False,True,False
0,1,1,0.11297285360260084,0,0,-0.1573379788472911,2,man,1,Southampton,0.0,1,1,False,False,False,True,False
0,3,1,0.38878963300807035,0,0,-0.49047866654587335,0,man,1,Cherbourg,0.0,1,1,False,True,False,True,False
1,3,1,0.13811413181090507,0,0,-0.47438607384522086,2,man,1,Southampton,0.0,1,1,False,True,False,True,False
0,3,1,-0.5303538713815358,0,0,-0.5052108346934439,2,man,1,Southampton,0.0,1,1,False,True,False,True,False
1,2,1,1.1408161365995662,0,0,-0.4071334476335388,2,man,1,Southampton,0.0,1,1,True,False,False,False,True
1,3,0,-0.5303538713815358,0,0,-0.5080123869510619,1,woman,0,Queenstown,0.0,1,1,False,True,False,True,False
1,1,0,-0.19611986978531534,0,0,0.8581766769491082,2,woman,0,Southampton,0.0,1,1,False,False,False,True,False
1,1,0,-0.781029372578701,1,0,1.0931611959399374,0,woman,0,Cherbourg,0.0,0,2,False,False,False,True,False
0,2,1,0.6394651342052357,0,0,-0.40953532714109886,0,man,1,Cherbourg,0.0,1,1,True,False,False,False,True
0,3,0,-0.3632368705834255,0,0,-0.48687584728453326,2,woman,0,Southampton,0.0,1,1,False,True,False,True,False
0,3,1,-0.3632368705834255,0,0,-0.5052108346934439,2,man,1,Southampton,0.0,1,1,False,True,False,True,False
0,3,1,-0.40501612078295307,0,0,-0.5180195777313602,0,man,1,Cherbourg,0.0,1,1,False,True,False,True,False
0,1,0,-2.2015238793626377,1,2,2.2551097985460475,2,child,0,Southampton,0.0,0,4,False,False,False,False,False
1,1,1,0.11297285360260084,0,0,-0.07087031657512843,2,man,1,Southampton,0.0,1,1,False,False,False,True,False
1,1,0,1.809284139792007,0,1,4.099192181299219,0,woman,0,Cherbourg,0.0,0,2,False,False,False,False,True
1,3,1,0.11297285360260084,2,0,-0.21017932801361272,1,man,1,Queenstown,0.0,0,3,False,True,False,True,False
0,3,1,-0.781029372578701,0,0,-0.6569289164197866,2,man,1,Southampton,0.0,1,1,False,True,False,True,False
1,2,0,0.11297285360260084,0,0,-0.41962322107285116,1,woman,0,Queenstown,0.0,1,1,True,False,False,True,False
1,1,1,-2.2917670597936173,1,2,2.2551097985460475,2,child,0,Southampton,0.0,0,4,False,False,False,False,False
1,1,0,0.11297285360260084,0,0,1.4736976915853013,0,woman,0,Cherbourg,0.0,1,1,False,False,False,True,False
1,1,0,-0.9481463733768112,1,0,1.4355885105665502,0,woman,0,Cherbourg,0.0,0,2,False,False,True,False,False
0,2,1,0.13811413181090507,1,0,-0.19576805096825228,0,man,1,Cherbourg,0.0,0,2,True,False,False,True,False
1,1,0,0.13811413181090507,0,0,0.4369677144745253,0,woman,0,Cherbourg,0.0,1,1,False,False,False,True,False
1,1,0,-0.3632368705834255,0,0,0.9409608168084768,0,woman,0,Cherbourg,0.0,1,1,False,False,False,True,False
1,1,0,-0.8645878729777561,2,2,4.384616169948809,0,woman,0,Cherbourg,0.0,0,5,False,False,True,False,False
0,2,0,-0.19611986978531534,1,1,-0.1573379788472911,2,woman,0,Southampton,0.0,0,3,True,False,False,True,False
0,2,1,1.2243746369986213,1,1,-0.15253421983217094,2,man,1,Southampton,0.0,0,3,True,False,False,False,True
1,3,0,-0.19611986978531534,0,0,-0.5060101801935598,2,woman,0,Southampton,0.0,1,1,False,True,False,True,False
1,2,0,-0.3632368705834255,1,0,-0.1573379788472911,2,woman,0,Southampton,0.0,0,2,True,False,False,True,False
0,2,1,2.1435181413882276,0,0,-0.38791841157305823,2,man,1,Southampton,0.0,1,1,True,False,False,False,True
1,1,0,0.22167263220996017,0,2,2.5109906692526494,2,woman,0,Southampton,0.0,0,3,False,False,False,True,False
1,1,0,0.9736991358014561,1,1,1.9274934337148533,0,woman,0,Cherbourg,0.0,0,3,False,False,False,False,True
0,3,1,-0.11256136938626023,0,0,-0.5052108346934439,2,man,1,Southampton,0.0,1,1,False,True,False,True,False
1,2,0,0.13811413181090507,0,0,-0.41962322107285116,1,woman,0,Queenstown,0.0,1,1,True,False,False,True,False
1,2,0,-0.5303538713815358,1,1,-0.09969287066584932,2,woman,0,Southampton,0.0,0,3,True,False,False,True,False
1,1,0,0.6394651342052357,0,0,1.9492698340821957,0,woman,0,Cherbourg,0.0,1,1,False,False,False,False,True
1,2,0,0.6394651342052357,0,0,-0.4071334476335388,2,woman,0,Southampton,0.0,1,1,True,False,False,False,True
1,3,0,0.22167263220996017,1,1,-0.26254030127842237,2,woman,0,Southampton,0.0,0,3,False,True,False,True,False
1,1,0,-1.0317048737758663,0,1,0.45714350233802986,0,woman,0,Cherbourg,0.0,0,2,False,False,True,False,False
1,3,0,0.11297285360260084,2,0,-0.21017932801361272,1,woman,0,Queenstown,0.0,0,3,False,True,False,True,False
0,1,1,1.433270887996259,0,0,-0.10930038869608961,2,man,1,Southampton,0.0,1,1,False,False,False,False,True
0,1,1,0.8065821350033459,0,1,2.2918585550117165,2,man,1,Southampton,0.0,0,2,False,False,False,False,True
0,3,1,-1.0317048737758663,2,0,-0.31105826733113584,2,man,1,Southampton,0.0,0,3,False,True,True,False,False
1,1,0,0.11297285360260084,1,0,1.9111606530634448,2,woman,0,Southampton,0.0,0,2,False,False,False,True,False
0,1,1,0.054555631411849964,1,0,0.6227924852082208,2,man,1,Southampton,0.0,0,2,False,False,False,True,False
1,1,0,1.057257636200511,0,0,1.9274934337148533,0,woman,0,Cherbourg,0.0,1,1,False,False,False,False,True
1,3,1,1.3914916377967315,0,0,-0.5022478761329178,2,man,1,Southampton,0.0,1,1,False,True,False,False,True
0,1,1,1.3914916377967315,0,0,0.02520486372727454,2,man,1,Southampton,0.0,1,1,False,False,False,False,True
1,2,1,-2.2015238793626377,1,1,-0.1573379788472911,2,child,0,Southampton,0.0,0,3,True,False,False,False,False
1,1,0,-0.3632368705834255,3,2,4.39662556748661,2,woman,0,Southampton,0.0,0,6,False,False,False,True,False
0,2,1,-0.029002868987205135,0,0,-0.4071334476335388,2,man,1,Southampton,0.0,1,1,True,False,False,True,False
0,2,1,0.6394651342052357,0,0,-0.4071334476335388,2,man,1,Southampton,0.0,1,1,True,False,False,False,True
1,2,0,-0.3632368705834255,0,0,-0.4071334476335388,2,woman,0,Southampton,0.0,1,1,True,False,False,True,False
1,2,0,0.9736991358014561,0,0,-0.4071334476335388,2,woman,0,Southampton,0.0,1,1,True,False,False,False,True
1,3,0,0.11297285360260084,1,0,-0.3475668358460489,2,woman,0,Southampton,0.0,0,2,False,True,False,True,False
1,3,1,-2.1179653789635826,1,1,-0.3514098430581451,2,child,0,Southampton,0.0,0,3,False,True,False,False,False
0,3,1,1.1408161365995662,0,0,-0.49047866654587335,2,man,1,Southampton,0.0,1,1,False,True,False,False,True
0,3,1,-0.4467953709824806,0,0,-0.479670208761853,2,man,1,Southampton,0.0,1,1,False,True,False,True,False
0,1,1,0.11297285360260084,0,0,0.015597345697034241,2,man,1,Southampton,0.0,1,1,False,False,False,True,False
0,3,1,-1.1152633741749214,1,1,-0.5180195777313602,0,child,0,Cherbourg,0.0,0,3,False,True,True,False,False
0,3,1,-0.2796783701843704,1,0,-0.31490127454323197,2,man,1,Southampton,0.0,0,2,False,True,False,True,False
1,1,0,-0.5303538713815358,0,1,0.3998980669066461,2,woman,0,Southampton,0.0,0,2,False,False,False,True,False
0,2,0,0.8065821350033459,0,0,-0.4071334476335388,2,woman,0,Southampton,0.0,1,1,True,False,False,False,True
0,3,1,0.9736991358014561,1,4,-0.120829410332378,2,man,1,Southampton,0.0,0,6,False,True,False,False,True
0,2,1,0.054555631411849964,1,0,-0.12427274479441608,0,man,1,Cherbourg,0.0,0,2,True,False,False,True,False
0,3,0,1.3914916377967315,0,1,-0.3791909421943879,0,woman,0,Cherbourg,0.0,0,2,False,True,False,False,True
0,3,1,0.5559066338061806,0,0,-0.5214629121933984,2,man,1,Southampton,0.0,1,1,False,True,False,True,False
0,3,1,0.13811413181090507,0,0,-0.5176199049813022,2,man,1,Southampton,0.0,1,1,False,True,False,True,False
1,3,0,0.11297285360260084,0,0,-0.5180195777313602,0,woman,0,Cherbourg,0.0,1,1,False,True,False,True,False
1,1,0,-0.3632368705834255,0,0,0.6746730825715185,0,woman,0,Cherbourg,0.0,1,1,False,False,False,True,False
1,1,1,-0.2796783701843704,1,0,0.4083853483345603,0,man,1,Cherbourg,0.0,0,2,False,False,False,True,False
0,3,1,-0.8645878729777561,1,0,-0.5321118851781167,2,man,1,Southampton,0.0,0,2,False,True,True,False,False
0,3,1,-0.781029372578701,0,0,-0.5022478761329178,2,man,1,Southampton,0.0,1,1,False,True,False,True,False
0,1,1,-0.5303538713815358,0,0,1.9492698340821957,0,man,1,Cherbourg,0.0,1,1,False,False,False,True,False
0,3,0,-2.1179653789635826,3,1,-0.251972031445158,2,child,0,Southampton,0.0,0,5,False,True,False,False,False
1,1,0,0.11297285360260084,1,0,0.9219859686987522,0,woman,0,Cherbourg,0.0,0,2,False,False,False,True,False
1,3,0,-0.5303538713815358,0,0,-0.5176199049813022,2,woman,0,Southampton,0.0,1,1,False,True,False,True,False
0,1,1,-0.11256136938626023,0,2,3.407051210371859,0,man,1,Cherbourg,0.0,0,3,False,False,False,True,False
0,3,1,-0.6974708721796459,0,0,-0.5798285842271081,0,man,1,Cherbourg,0.0,1,1,False,True,False,True,False
0,3,1,-0.781029372578701,0,0,-0.5075320110495499,2,man,1,Southampton,0.0,1,1,False,True,False,True,False
1,1,0,1.1408161365995662,0,0,3.71497216324106,0,woman,0,Cherbourg,0.0,1,1,False,False,False,False,True
1,3,0,-2.285082379761693,0,2,-0.35445158326651915,0,child,0,Cherbourg,0.0,0,3,False,True,False,False,False
0,3,1,0.30523113260901524,0,0,-0.5046497556404778,2,man,1,Southampton,0.0,1,1,False,True,False,True,False
1,1,0,0.5559066338061806,1,0,0.34225295872520434,2,woman,0,Southampton,0.0,0,2,False,False,False,True,False
0,2,1,-0.8645878729777561,0,0,0.7553762340255371,2,man,1,Southampton,0.0,1,1,True,False,True,False,False
0,3,1,-2.285082379761693,5,2,0.24425627481675327,2,child,0,Southampton,0.0,0,8,False,True,False,False,False
0,3,1,0.11297285360260084,0,0,-0.5084120597011199,1,man,1,Queenstown,0.0,1,1,False,True,False,True,False
1,2,0,-0.9481463733768112,0,0,-0.4263484836940194,0,woman,0,Cherbourg,0.0,1,1,True,False,True,False,False
1,1,1,0.6394651342052357,1,2,1.6488754108378847,2,man,1,Southampton,0.0,0,4,False,False,False,False,True
1,3,1,-0.6139123717805908,0,0,-0.5071323382994919,2,man,1,Southampton,0.0,1,1,False,True,False,True,False
0,3,1,-0.029002868987205135,2,0,-0.5046497556404778,2,man,1,Southampton,0.0,0,3,False,True,False,True,False
1,1,0,-0.4467953709824806,1,0,1.5196542933311528,0,woman,0,Cherbourg,0.0,0,2,False,False,False,True,False
1,3,0,-0.3632368705834255,0,2,-0.33603781420976064,2,woman,0,Southampton,0.0,0,3,False,True,False,True,False
0,3,1,-0.5303538713815358,0,0,-0.5071323382994919,2,man,1,Southampton,0.0,1,1,False,True,False,True,False
0,3,0,0.22167263220996017,0,0,-0.5060101801935598,2,woman,0,Southampton,0.0,1,1,False,True,False,True,False
0,2,1,1.4750501381957866,0,0,-0.1573379788472911,2,man,1,Southampton,0.0,1,1,True,False,False,False,True
0,2,1,-0.4467953709824806,0,0,-0.4551710377847403,2,man,1,Southampton,0.0,1,1,True,False,False,True,False
1,2,0,-0.029002868987205135,0,0,-0.41385871025470705,2,woman,0,Southampton,0.0,1,1,True,False,False,True,False
1,3,1,0.890140635402401,0,0,-0.5046497556404778,2,man,1,Southampton,0.0,1,1,False,True,False,False,True
0,3,1,-0.19611986978531534,0,0,-0.5022478761329178,2,man,1,Southampton,0.0,1,1,False,True,False,True,False
0,3,0,-0.6139123717805908,1,0,-0.4681411871255647,2,woman,0,Southampton,0.0,0,2,False,True,False,True,False
0,3,1,-0.029002868987205135,1,0,-0.35237059486116906,2,man,1,Southampton,0.0,0,2,False,True,False,True,False
0,3,0,-0.6974708721796459,0,0,-0.49047866654587335,2,woman,0,Southampton,0.0,1,1,False,True,False,True,False
0,2,1,0.47234813340712545,1,0,-0.25341315914969403,2,man,1,Southampton,0.0,0,2,True,False,False,True,False
0,3,1,1.892842640191062,0,0,-0.5080123869510619,2,man,1,Southampton,0.0,1,1,False,True,False,False,True
1,2,1,-2.1179653789635826,1,1,-0.2966469902857754,2,child,0,Southampton,0.0,0,3,True,False,False,False,False
0,3,1,-0.6139123717805908,0,0,-0.5075320110495499,2,man,1,Southampton,0.0,1,1,False,True,False,True,False
0,3,1,0.11297285360260084,0,0,-0.5251464346061925,1,man,1,Queenstown,0.0,1,1,False,True,False,True,False
1,1,0,0.38878963300807035,1,0,1.072424329023467,1,woman,0,Queenstown,0.0,0,2,False,False,False,True,False
1,3,1,1.3079331373976764,0,0,-0.5046497556404778,2,man,1,Southampton,0.0,1,1,False,True,False,False,True
0,3,0,0.11297285360260084,0,0,-0.5022478761329178,2,woman,0,Southampton,0.0,1,1,False,True,False,True,False
1,2,0,0.47234813340712545,1,1,-0.03244024445416724,2,woman,0,Southampton,0.0,0,3,True,False,False,True,False
1,2,0,-0.8645878729777561,0,2,-0.4071334476335388,2,woman,0,Southampton,0.0,0,3,True,False,True,False,False
0,3,0,-1.533055876170197,0,2,-0.19288579555918023,2,child,0,Southampton,0.0,0,3,False,True,False,False,False
0,3,1,-0.6139123717805908,0,0,-0.508333278053272,1,man,1,Queenstown,0.0,1,1,False,True,False,True,False
0,3,1,0.054555631411849964,0,0,-0.5056105074435019,2,man,1,Southampton,0.0,1,1,False,True,False,True,False
0,3,0,-0.029002868987205135,1,1,-0.380232397148866,2,woman,0,Southampton,0.0,0,3,False,True,False,True,False
0,3,1,-0.8645878729777561,1,1,-0.26854500004732257,2,man,1,Southampton,0.0,0,3,False,True,True,False,False
1,2,0,-0.029002868987205135,1,0,-0.1573379788472911,2,woman,0,Southampton,0.0,0,2,True,False,False,True,False
1,2,0,-0.781029372578701,0,0,-0.1573379788472911,2,woman,0,Southampton,0.0,1,1,True,False,False,True,False
1,3,1,0.30523113260901524,0,0,-0.5022478761329178,2,man,1,Southampton,0.0,1,1,False,True,False,True,False
1,1,1,-0.029002868987205135,0,0,-0.14676970901402675,2,man,1,Southampton,0.0,1,1,False,False,False,True,False
1,2,0,1.1408161365995662,1,0,-0.1573379788472911,2,woman,0,Southampton,0.0,0,2,True,False,False,False,True
0,3,1,-0.9481463733768112,0,0,-0.5200217844888623,2,man,1,Southampton,0.0,1,1,False,True,True,False,False
0,1,1,1.809284139792007,1,0,0.41719159936107864,2,man,1,Southampton,0.0,0,2,False,False,False,False,True
1,1,0,-1.1988218745739765,1,2,1.6488754108378847,2,child,0,Southampton,0.0,0,4,False,False,True,False,False
0,3,0,-0.6139123717805908,2,2,0.0035879481592338714,2,woman,0,Southampton,0.0,0,5,False,True,False,True,False
1,2,0,-0.3632368705834255,2,3,-0.2966469902857754,2,woman,0,Southampton,0.0,0,6,True,False,False,True,False
0,2,1,0.22167263220996017,0,0,-0.4551710377847403,2,man,1,Southampton,0.0,1,1,True,False,False,True,False
1,2,0,1.3914916377967315,1,1,-0.15253421983217094,2,woman,0,Southampton,0.0,0,3,True,False,False,False,True
0,3,1,-0.6974708721796459,0,0,-0.47438607384522086,2,man,1,Southampton,0.0,1,1,False,True,False,True,False
0,3,1,-0.2796783701843704,1,0,-0.5075320110495499,2,man,1,Southampton,0.0,0,2,False,True,False,True,False
1,2,0,-0.029002868987205135,0,0,-0.4071334476335388,2,woman,0,Southampton,0.0,1,1,True,False,False,True,False
1,3,1,0.11297285360260084,0,0,-0.5010469363791377,2,man,1,Southampton,0.0,1,1,False,True,False,True,False
1,1,1,-2.0344068785645275,0,2,0.915981269929852,2,child,0,Southampton,0.0,0,3,False,False,False,False,False
1,2,0,-1.2823803749730316,0,1,-0.28223571324041496,2,child,0,Southampton,0.0,0,2,True,False,True,False,False
1,1,1,0.47234813340712545,0,0,-0.14676970901402675,2,man,1,Southampton,0.0,1,1,False,False,False,True,False
1,3,0,-1.9508483781654724,2,1,-0.28687998745623317,0,child,0,Cherbourg,0.0,0,4,False,True,False,False,False
1,1,1,1.9764011405901172,0,0,-0.07087031657512843,2,man,1,Southampton,0.0,1,1,False,False,False,False,True
0,2,1,0.6394651342052357,1,2,-0.12371166574145005,2,man,1,Southampton,0.0,0,4,True,False,False,False,True
0,3,1,0.11297285360260084,1,0,-0.2732680559109887,2,man,1,Southampton,0.0,0,2,False,True,False,True,False
0,1,1,0.13811413181090507,0,0,-0.12371166574145005,0,man,1,Cherbourg,0.0,1,1,False,False,False,True,False
1,1,1,1.7257256393929519,1,0,1.0552114997204884,0,man,1,Cherbourg,0.0,0,2,False,False,False,False,True
1,3,1,0.054555631411849964,0,0,-0.5052108346934439,0,man,1,Cherbourg,0.0,1,1,False,True,False,True,False
1,1,0,0.11297285360260084,1,0,0.3396108912668882,2,woman,0,Southampton,0.0,0,2,False,False,False,True,False
1,2,0,1.809284139792007,0,0,-0.4551710377847403,2,woman,0,Southampton,0.0,1,1,True,False,False,False,True
1,1,1,1.6421671389938968,0,0,-0.14676970901402675,2,man,1,Southampton,0.0,1,1,False,False,False,False,True
0,3,1,0.47234813340712545,0,0,-0.5022478761329178,2,man,1,Southampton,0.0,1,1,False,True,False,True,False
0,1,1,1.5586086385948417,0,0,0.08284997190871632,2,man,1,Southampton,0.0,1,1,False,False,False,False,True
0,2,1,1.6421671389938968,0,0,-0.4071334476335388,2,man,1,Southampton,0.0,1,1,True,False,False,False,True
0,3,1,0.8065821350033459,0,0,-0.5214629121933984,2,man,1,Southampton,0.0,1,1,False,True,False,False,True
0,1,1,2.310635142186338,0,0,-0.14676970901402675,2,man,1,Southampton,0.0,1,1,False,False,False,False,True
0,3,1,0.11297285360260084,0,0,-0.5084927628525739,1,man,1,Queenstown,0.0,1,1,False,True,False,True,False
1,3,0,-2.3059720048614567,2,1,-0.28687998745623317,0,child,0,Cherbourg,0.0,0,4,False,True,False,False,False
0,3,1,0.8065821350033459,0,0,-0.49047866654587335,2,man,1,Southampton,0.0,1,1,False,True,False,False,True
1,2,0,0.38878963300807035,1,2,-0.12371166574145005,2,woman,0,Southampton,0.0,0,4,True,False,False,True,False
1,2,0,-0.4467953709824806,0,0,-0.39192090358445636,0,woman,0,Cherbourg,0.0,1,1,True,False,False,True,False
0,3,0,-0.5303538713815358,0,0,-0.4679009991748087,2,woman,0,Southampton,0.0,1,1,False,True,False,True,False
0,1,1,0.11297285360260084,0,0,0.34225295872520434,2,man,1,Southampton,0.0,1,1,False,False,False,True,False
0,3,1,0.054555631411849964,1,0,-0.5215436153448524,2,man,1,Southampton,0.0,0,2,False,True,False,True,False
0,3,1,-0.5303538713815358,0,0,-0.512416473216124,2,man,1,Southampton,0.0,1,1,False,True,False,True,False
1,3,0,-2.2015238793626377,0,1,-0.4208241608266312,2,child,0,Southampton,0.0,0,2,False,True,False,False,False
0,3,1,-1.616614376569252,5,2,0.24425627481675327,2,child,0,Southampton,0.0,0,8,False,True,False,False,False
0,3,1,1.809284139792007,0,0,-0.5022478761329178,2,man,1,Southampton,0.0,1,1,False,True,False,False,True
1,1,1,-0.2796783701843704,1,0,1.0931611959399374,0,man,1,Cherbourg,0.0,0,2,False,False,False,True,False
1,1,0,0.5559066338061806,1,0,1.072424329023467,2,woman,0,Southampton,0.0,0,2,False,False,False,True,False
1,3,1,-1.616614376569252,1,1,-0.3514098430581451,2,child,0,Southampton,0.0,0,3,False,True,False,False,False
0,3,1,-0.6139123717805908,0,0,-0.5176199049813022,2,man,1,Southampton,0.0,1,1,False,True,False,True,False
0,1,1,2.2270766417872827,0,0,-0.07087031657512843,2,man,1,Southampton,0.0,1,1,False,False,False,False,True
0,3,1,0.11297285360260084,0,0,-0.37911216054653996,0,man,1,Cherbourg,0.0,1,1,False,True,False,True,False
1,1,0,2.1435181413882276,1,0,0.8469685464150299,0,woman,0,Cherbourg,0.0,0,2,False,False,False,False,True
0,3,1,0.11297285360260084,0,0,-0.36678187190652956,2,man,1,Southampton,0.0,1,1,False,True,False,True,False
0,1,0,-0.2796783701843704,1,2,2.2551097985460475,2,woman,0,Southampton,0.0,0,4,False,False,False,True,False
0,3,1,-0.3632368705834255,0,0,-0.5071323382994919,2,man,1,Southampton,0.0,1,1,False,True,False,True,False
0,3,0,-0.6139123717805908,0,0,-0.5080123869510619,1,woman,0,Queenstown,0.0,1,1,False,True,False,True,False
0,3,0,0.11297285360260084,0,0,-0.510333563307168,1,woman,0,Queenstown,0.0,1,1,False,True,False,True,False
0,3,0,0.7230236346042908,0,0,-0.47270475818992885,2,woman,0,Southampton,0.0,1,1,False,True,False,False,True
1,1,0,-1.0317048737758663,0,0,1.0051717028117848,2,woman,0,Southampton,0.0,1,1,False,False,True,False,False
0,1,1,-0.8645878729777561,1,0,1.4355885105665502,0,man,1,Cherbourg,0.0,0,2,False,False,True,False,False
1,2,0,0.38878963300807035,0,2,-0.1573379788472911,2,woman,0,Southampton,0.0,0,3,True,False,False,True,False
1,1,1,0.11297285360260084,0,0,-0.14676970901402675,2,man,1,Southampton,0.0,1,1,False,False,False,True,False
0,3,1,-0.029002868987205135,0,0,-0.22411022915746118,2,man,1,Southampton,0.0,1,1,False,True,False,True,False
1,3,1,-0.19611986978531534,0,0,0.42863991784591304,2,man,1,Southampton,0.0,1,1,False,True,False,True,False
1,3,1,0.054555631411849964,0,0,-0.5080123869510619,1,man,1,Queenstown,0.0,1,1,False,True,False,True,False
1,1,1,0.6394651342052357,0,0,-0.1518136559799029,2,man,1,Southampton,0.0,1,1,False,False,False,False,True
1,1,0,2.1435181413882276,1,0,0.4844442255727607,0,woman,0,Cherbourg,0.0,0,2,False,False,False,False,True
0,3,1,-0.3632368705834255,0,0,-0.5128968491176361,2,man,1,Southampton,0.0,1,1,False,True,False,True,False
0,1,1,1.5586086385948417,0,0,-0.0032180176133883307,2,man,1,Southampton,0.0,1,1,False,False,False,False,True
1,2,0,0.47234813340712545,0,0,-0.4551710377847403,2,woman,0,Southampton,0.0,1,1,True,False,False,True,False
0,3,1,0.11297285360260084,0,0,-0.19288579555918023,1,man,1,Queenstown,0.0,1,1,False,True,False,True,False
1,2,0,0.6394651342052357,1,0,-0.1573379788472911,2,woman,0,Southampton,0.0,0,2,True,False,False,False,True
0,3,1,0.30523113260901524,0,0,-0.5052108346934439,2,man,1,Southampton,0.0,1,1,False,True,False,True,False
1,1,0,0.13811413181090507,0,0,1.139676955235149,2,woman,0,Southampton,0.0,1,1,False,False,False,True,False
1,1,0,1.3079331373976764,0,1,0.45714350233802986,0,woman,0,Cherbourg,0.0,0,2,False,False,False,False,True
0,3,1,0.11297285360260084,0,0,-0.5180195777313602,0,man,1,Cherbourg,0.0,1,1,False,True,False,True,False
0,3,1,1.0154783860009835,0,0,-0.5080123869510619,1,man,1,Queenstown,0.0,1,1,False,True,False,False,True
0,1,1,0.11297285360260084,0,0,3.6045664090447516,2,man,1,Southampton,0.0,1,1,False,False,False,True,False
0,3,1,0.890140635402401,0,0,-0.5046497556404778,2,man,1,Southampton,0.0,1,1,False,True,False,False,True
0,2,1,-0.4467953709824806,2,1,-0.4359560017242597,2,man,1,Southampton,0.0,0,4,True,False,False,True,False
1,2,0,-2.2015238793626377,1,1,-0.1573379788472911,2,child,0,Southampton,0.0,0,3,True,False,False,False,False
0,3,1,-0.9481463733768112,1,1,-0.5180195777313602,0,man,1,Cherbourg,0.0,0,3,False,True,True,False,False
1,3,0,0.11297285360260084,0,2,-0.22731337566874327,0,woman,0,Cherbourg,0.0,0,3,False,True,False,True,False
0,3,0,0.13811413181090507,0,0,-0.49047866654587335,2,woman,0,Southampton,0.0,1,1,False,True,False,True,False
1,2,0,-1.7837313773673622,0,2,-0.15253421983217094,2,child,0,Southampton,0.0,0,3,True,False,False,False,False
0,1,1,1.3914916377967315,0,0,-0.14676970901402675,2,man,1,Southampton,0.0,1,1,False,False,False,False,True
1,1,0,0.13811413181090507,0,0,1.3880312963168606,0,woman,0,Cherbourg,0.0,1,1,False,False,False,True,False
0,3,1,0.11297285360260084,0,0,-0.37831089354281794,2,man,1,Southampton,0.0,1,1,False,True,False,True,False
1,1,0,-0.5303538713815358,0,2,0.2942153685740028,0,woman,0,Cherbourg,0.0,0,3,False,False,False,True,False
1,1,0,0.6394651342052357,0,2,0.7073386438743355,2,woman,0,Southampton,0.0,0,3,False,False,False,False,True
0,3,0,-1.616614376569252,4,2,-0.055978663628255994,2,child,0,Southampton,0.0,0,7,False,True,False,False,False
0,3,0,-1.4494973757711418,4,2,-0.055978663628255994,2,child,0,Southampton,0.0,0,7,False,True,False,False,False
1,2,1,0.30523113260901524,1,0,-0.1573379788472911,2,man,1,Southampton,0.0,0,2,True,False,False,True,False
0,1,1,1.809284139792007,1,0,1.3880312963168606,0,man,1,Cherbourg,0.0,0,2,False,False,False,False,True
1,2,0,-0.781029372578701,1,0,-0.1573379788472911,2,woman,0,Southampton,0.0,0,2,True,False,False,True,False
1,2,1,0.11297285360260084,0,0,-0.3905604790313743,0,man,1,Cherbourg,0.0,1,1,True,False,False,True,False
0,3,1,0.38878963300807035,1,1,-0.26254030127842237,2,man,1,Southampton,0.0,0,3,False,True,False,True,False
1,2,1,-1.700172876968307,1,1,0.04922365880287528,2,child,0,Southampton,0.0,0,3,True,False,False,False,False
1,1,1,-0.9481463733768112,0,2,1.4736976915853013,0,man,1,Cherbourg,0.0,0,3,False,False,True,False,False
0,2,1,-0.11256136938626023,0,0,-0.1573379788472911,2,man,1,Southampton,0.0,1,1,True,False,False,True,False
0,3,1,0.11297285360260084,0,0,-0.5064905560950719,1,man,1,Queenstown,0.0,1,1,False,True,False,True,False
1,3,1,-0.5303538713815358,0,0,-0.5181002808828142,0,man,1,Cherbourg,0.0,1,1,False,True,False,True,False
1,3,0,-0.5303538713815358,0,0,-0.5075320110495499,2,woman,0,Southampton,0.0,1,1,False,True,False,True,False
1,1,0,1.6421671389938968,1,0,0.103986511575245,0,woman,0,Cherbourg,0.0,0,2,False,False,False,False,True
0,1,1,0.11297285360260084,0,0,3.71497216324106,0,man,1,Cherbourg,0.0,1,1,False,False,False,True,False
1,1,0,0.890140635402401,1,1,0.8735487057974929,2,woman,0,Southampton,0.0,0,3,False,False,False,False,True
1,3,0,0.6394651342052357,1,0,-0.3225872889674242,2,woman,0,Southampton,0.0,0,2,False,True,False,False,True
0,3,1,0.9736991358014561,0,0,-0.5052108346934439,2,man,1,Southampton,0.0,1,1,False,True,False,False,True
0,2,1,-0.029002868987205135,0,0,-0.3975259296032985,2,man,1,Southampton,0.0,1,1,True,False,False,True,False
0,3,1,-0.3632368705834255,2,0,-0.19288579555918023,2,man,1,Southampton,0.0,0,3,False,True,False,True,False
0,3,1,-0.781029372578701,0,0,-0.5052108346934439,2,man,1,Southampton,0.0,1,1,False,True,False,True,False
0,3,0,0.054555631411849964,0,4,-0.251972031445158,2,woman,0,Southampton,0.0,0,5,False,True,False,True,False
1,3,1,0.30523113260901524,0,0,-0.5060101801935598,2,man,1,Southampton,0.0,1,1,False,True,False,True,False
1,1,0,2.0599596409891725,2,0,0.332245767944906,2,woman,0,Southampton,0.0,0,3,False,False,False,False,True
1,1,1,0.6394651342052357,0,0,-0.1498921523738549,2,man,1,Southampton,0.0,1,1,False,False,False,False,True
0,3,1,-1.0317048737758663,0,0,-0.5022478761329178,2,man,1,Southampton,0.0,1,1,False,True,True,False,False
0,3,1,-0.781029372578701,0,0,-0.37831089354281794,2,man,1,Southampton,0.0,1,1,False,True,False,True,False
1,2,0,0.47234813340712545,0,0,-0.4071334476335388,2,woman,0,Southampton,0.0,1,1,True,False,False,True,False
1,1,0,0.890140635402401,1,0,0.41719159936107864,2,woman,0,Southampton,0.0,0,2,False,False,False,False,True
0,3,0,0.11297285360260084,1,0,-0.37911216054653996,0,woman,0,Cherbourg,0.0,0,2,False,True,False,True,False
1,3,1,0.30523113260901524,0,0,-0.5046497556404778,2,man,1,Southampton,0.0,1,1,False,True,False,True,False
1,2,0,-0.2796783701843704,1,1,-0.08047783460536873,2,woman,0,Southampton,0.0,0,3,True,False,False,True,False
1,1,0,0.890140635402401,1,1,1.4736976915853013,0,woman,0,Cherbourg,0.0,0,3,False,False,False,False,True
0,2,1,2.1435181413882276,0,0,-0.1573379788472911,2,man,1,Southampton,0.0,1,1,True,False,False,False,True
0,1,1,0.6394651342052357,0,0,0.11407440550699728,0,man,1,Cherbourg,0.0,1,1,False,False,False,False,True
0,3,1,0.11297285360260084,0,0,-0.4895179147428494,0,man,1,Cherbourg,0.0,1,1,False,True,False,True,False
1,1,0,-0.8645878729777561,0,2,0.8735487057974929,2,woman,0,Southampton,0.0,0,3,False,False,True,False,False
0,2,1,1.5586086385948417,0,0,-0.36870337551257765,2,man,1,Southampton,0.0,1,1,True,False,False,False,True
0,3,1,0.5559066338061806,0,0,-0.5200217844888623,2,man,1,Southampton,0.0,1,1,False,True,False,True,False
1,1,0,1.9764011405901172,1,0,0.8469685464150299,0,woman,0,Cherbourg,0.0,0,2,False,False,False,False,True
0,3,1,1.5586086385948417,0,0,-0.5176199049813022,2,man,1,Southampton,0.0,1,1,False,True,False,False,True
0,3,0,0.11297285360260084,0,2,-0.5080123869510619,1,woman,0,Queenstown,0.0,0,3,False,True,False,True,False
0,2,1,0.7230236346042908,1,0,-0.1573379788472911,2,man,1,Southampton,0.0,0,2,True,False,False,False,True
0,3,1,0.6394651342052357,1,1,-0.19288579555918023,2,man,1,Southampton,0.0,0,3,False,True,False,False,True
1,2,0,0.11297285360260084,0,0,-0.022832726423926943,2,woman,0,Southampton,0.0,1,1,True,False,False,True,False
0,3,1,1.7257256393929519,0,0,-0.6569289164197866,2,man,1,Southampton,0.0,1,1,False,True,False,False,True
1,1,1,1.7257256393929519,1,0,0.4369677144745253,0,man,1,Cherbourg,0.0,0,2,False,False,False,False,True
1,2,0,-0.3632368705834255,2,1,-0.1381229427868105,2,woman,0,Southampton,0.0,0,4,True,False,False,True,False
0,1,1,0.11297285360260084,0,0,0.1577886125445906,2,man,1,Southampton,0.0,1,1,False,False,False,True,False
0,3,1,1.3079331373976764,0,0,-0.5022478761329178,2,man,1,Southampton,0.0,1,1,False,True,False,False,True
1,1,1,0.5559066338061806,0,0,-0.14676970901402675,0,man,1,Cherbourg,0.0,1,1,False,False,False,True,False
0,3,1,0.6394651342052357,1,0,-0.3581351056793133,2,man,1,Southampton,0.0,0,2,False,True,False,False,True
0,3,1,0.13811413181090507,0,0,-0.5052108346934439,2,man,1,Southampton,0.0,1,1,False,True,False,True,False
1,1,1,-0.11256136938626023,0,0,-0.07087031657512843,2,man,1,Southampton,0.0,1,1,False,False,False,True,False
1,2,0,-0.5303538713815358,1,2,0.14201691094614816,0,woman,0,Cherbourg,0.0,0,4,True,False,False,True,False
1,1,0,0.9736991358014561,0,0,2.2918585550117165,2,woman,0,Southampton,0.0,1,1,False,False,False,False,True
0,3,0,0.890140635402401,1,5,-0.055978663628255994,2,woman,0,Southampton,0.0,0,7,False,True,False,False,True
0,3,1,0.11297285360260084,0,0,-0.5214629121933984,2,man,1,Southampton,0.0,1,1,False,True,False,True,False
1,2,0,-0.3632368705834255,1,2,0.592048427511452,2,woman,0,Southampton,0.0,0,4,True,False,False,True,False
0,3,1,0.47234813340712545,1,1,-0.380232397148866,2,man,1,Southampton,0.0,0,3,False,True,False,True,False
0,3,0,-0.19611986978531534,1,0,-0.3475668358460489,2,woman,0,Southampton,0.0,0,2,False,True,False,True,False
1,2,0,-2.0344068785645275,2,1,0.09245748993895661,2,child,0,Southampton,0.0,0,4,True,False,False,False,False
0,2,1,-0.19611986978531534,0,0,-0.4551710377847403,2,man,1,Southampton,0.0,1,1,True,False,False,True,False
0,3,1,-0.11256136938626023,1,0,-0.3791909421943879,0,man,1,Cherbourg,0.0,0,2,False,True,False,True,False
1,1,1,1.1408161365995662,1,0,0.3529019317099227,2,man,1,Southampton,0.0,0,2,False,False,False,False,True
1,3,1,-0.6974708721796459,1,1,-0.35445158326651915,0,man,1,Cherbourg,0.0,0,3,False,True,False,True,False
0,3,1,-0.6139123717805908,0,0,-0.5060101801935598,2,man,1,Southampton,0.0,1,1,False,True,False,True,False
0,3,1,-0.6139123717805908,0,0,-0.3475668358460489,2,man,1,Southampton,0.0,1,1,False,True,False,True,False
0,2,1,2.394193642585393,0,0,-0.41962322107285116,1,man,1,Queenstown,0.0,1,1,True,False,False,False,True
1,1,0,-0.6139123717805908,0,0,0.8410426292939776,2,woman,0,Southampton,0.0,1,1,False,False,False,True,False
0,3,1,-0.19611986978531534,0,0,-0.5052108346934439,2,man,1,Southampton,0.0,1,1,False,True,False,True,False
0,3,1,0.11297285360260084,0,0,-0.508333278053272,1,man,1,Queenstown,0.0,1,1,False,True,False,True,False
0,3,1,1.892842640191062,0,0,-0.5213822090419443,2,man,1,Southampton,0.0,1,1,False,True,False,False,True
1,1,1,0.30523113260901524,0,0,-0.07087031657512843,0,man,1,Cherbourg,0.0,1,1,False,False,False,True,False
0,1,1,0.11297285360260084,0,0,-0.6569289164197866,2,man,1,Southampton,0.0,1,1,False,False,False,True,False
0,3,0,-1.616614376569252,3,2,-0.120829410332378,2,child,0,Southampton,0.0,0,6,False,True,False,False,False
0,2,1,0.22167263220996017,1,1,-0.15253421983217094,2,man,1,Southampton,0.0,0,3,True,False,False,True,False
0,3,0,1.057257636200511,0,5,0.10566782723053703,2,woman,0,Southampton,0.0,0,6,False,True,False,False,True
0,3,1,0.11297285360260084,1,0,-0.3475668358460489,2,man,1,Southampton,0.0,0,2,False,True,False,True,False
0,3,0,-2.2015238793626377,3,2,-0.120829410332378,2,child,0,Southampton,0.0,0,6,False,True,False,False,False
1,3,1,0.11297285360260084,0,0,0.42863991784591304,2,man,1,Southampton,0.0,1,1,False,True,False,True,False
1,1,1,1.6421671389938968,1,0,0.8174254284720411,0,man,1,Cherbourg,0.0,0,2,False,False,False,False,True
1,1,1,2.310635142186338,0,0,0.02520486372727454,0,man,1,Cherbourg,0.0,1,1,False,False,False,False,True
0,3,1,0.11297285360260084,0,0,-0.5118553941631581,2,man,1,Southampton,0.0,1,1,False,True,False,True,False
1,3,0,-0.4467953709824806,0,0,-0.5118553941631581,2,woman,0,Southampton,0.0,1,1,False,True,False,True,False
1,2,0,-0.8645878729777561,0,1,-0.21498308702873287,2,woman,0,Southampton,0.0,0,2,True,False,True,False,False
0,3,1,-0.6139123717805908,0,0,-0.4948827528109355,2,man,1,Southampton,0.0,1,1,False,True,False,True,False
1,3,0,0.11297285360260084,0,0,-0.5064905560950719,1,woman,0,Queenstown,0.0,1,1,False,True,False,True,False
0,3,0,-0.8645878729777561,0,0,-0.5272274230115425,1,woman,0,Queenstown,0.0,1,1,False,True,True,False,False
0,2,1,-0.3632368705834255,2,0,0.7553762340255371,2,man,1,Southampton,0.0,0,3,True,False,False,True,False
0,3,0,0.30523113260901524,1,1,-0.3590958574823373,1,woman,0,Queenstown,0.0,0,3,False,True,False,True,False
0,2,1,-0.4467953709824806,0,0,-0.4071334476335388,2,man,1,Southampton,0.0,1,1,True,False,False,True,False
1,1,1,1.809284139792007,2,0,1.9111606530634448,2,man,1,Southampton,0.0,0,3,False,False,False,False,True
0,3,1,0.9736991358014561,0,0,-0.5181002808828142,0,man,1,Cherbourg,0.0,1,1,False,True,False,False,True
0,1,1,1.5586086385948417,0,0,-0.16526418122223938,2,man,1,Southampton,0.0,1,1,False,False,False,False,True
0,3,1,0.6394651342052357,0,0,-0.5128968491176361,2,man,1,Southampton,0.0,1,1,False,True,False,False,True
1,3,1,-0.6974708721796459,1,0,-0.5046497556404778,2,man,1,Southampton,0.0,0,2,False,True,False,True,False
0,2,1,0.30523113260901524,2,0,0.7553762340255371,2,man,1,Southampton,0.0,0,3,True,False,False,True,False
0,3,1,0.11297285360260084,0,0,-0.5075320110495499,2,man,1,Southampton,0.0,1,1,False,True,False,True,False
0,3,1,1.2243746369986213,0,0,-0.5022478761329178,2,man,1,Southampton,0.0,1,1,False,True,False,False,True
1,1,0,0.11297285360260084,1,0,0.34225295872520434,2,woman,0,Southampton,0.0,0,2,False,False,False,True,False
1,2,0,0.9736991358014561,1,1,0.09245748993895661,2,woman,0,Southampton,0.0,0,3,True,False,False,False,True
0,1,1,0.22167263220996017,1,0,0.34225295872520434,2,man,1,Southampton,0.0,0,2,False,False,False,True,False
1,2,1,0.22167263220996017,0,0,-0.4071334476335388,2,man,1,Southampton,0.0,1,1,True,False,False,True,False
0,3,1,-0.8645878729777561,0,0,-0.5075320110495499,2,man,1,Southampton,0.0,1,1,False,True,True,False,False
0,3,1,-0.32145762038389797,0,0,-0.5022478761329178,2,man,1,Southampton,0.0,1,1,False,True,False,True,False
1,3,0,-0.8645878729777561,0,0,-0.4678202960233547,2,woman,0,Southampton,0.0,1,1,False,True,True,False,False
0,3,0,1.2243746369986213,1,6,0.24425627481675327,2,woman,0,Southampton,0.0,0,8,False,True,False,False,True
1,1,1,0.6394651342052357,0,1,9.187495136417388,0,man,1,Cherbourg,0.0,0,2,False,False,False,False,True
0,3,0,0.11297285360260084,0,0,-0.5005665604776257,1,woman,0,Queenstown,0.0,1,1,False,True,False,True,False
1,1,1,-0.11256136938626023,0,0,0.8174254284720411,0,man,1,Cherbourg,0.0,1,1,False,False,False,True,False
0,3,1,-0.6974708721796459,0,0,-0.479670208761853,2,man,1,Southampton,0.0,1,1,False,True,False,True,False
0,3,1,-1.1988218745739765,5,2,0.24425627481675327,2,child,0,Southampton,0.0,0,8,False,True,True,False,False
0,2,1,-0.2796783701843704,1,2,0.14201691094614816,0,man,1,Cherbourg,0.0,0,4,True,False,False,True,False
0,3,1,-1.1988218745739765,4,1,0.10566782723053703,2,child,0,Southampton,0.0,0,6,False,True,True,False,False
0,3,1,-0.781029372578701,0,0,-0.4614966276558505,2,man,1,Southampton,0.0,1,1,False,True,False,True,False
0,3,1,-0.8645878729777561,0,0,-0.5071323382994919,2,man,1,Southampton,0.0,1,1,False,True,True,False,False
1,1,0,-1.1152633741749214,0,1,3.403928767012031,2,child,0,Southampton,0.0,0,2,False,False,True,False,False
1,1,1,0.22167263220996017,1,0,0.4383281390276073,2,man,1,Southampton,0.0,0,2,False,False,False,True,False
1,3,0,-2.0344068785645275,0,1,-0.39912654210713655,0,child,0,Cherbourg,0.0,0,2,False,True,False,False,False
0,3,1,-0.2796783701843704,0,0,-0.5181002808828142,0,man,1,Cherbourg,0.0,1,1,False,True,False,True,False
0,2,1,1.9764011405901172,0,0,-0.3975259296032985,2,man,1,Southampton,0.0,1,1,True,False,False,False,True
1,3,0,0.11297285360260084,0,0,-0.508333278053272,1,woman,0,Queenstown,0.0,1,1,False,True,False,True,False
0,1,1,1.7257256393929519,1,1,1.4736976915853013,0,man,1,Cherbourg,0.0,0,3,False,False,False,False,True
0,3,1,1.1408161365995662,0,0,-0.50993389055711,2,man,1,Southampton,0.0,1,1,False,True,False,False,True
1,1,0,-0.8645878729777561,1,0,3.71497216324106,0,woman,0,Cherbourg,0.0,0,2,False,False,True,False,False
1,1,1,0.5559066338061806,0,0,-0.1518136559799029,2,man,1,Southampton,0.0,1,1,False,False,False,True,False
0,3,0,-0.8645878729777561,0,1,-0.3791909421943879,0,woman,0,Cherbourg,0.0,0,2,False,True,True,False,False
0,3,1,-0.2796783701843704,0,0,-0.5081718717503638,1,man,1,Queenstown,0.0,1,1,False,True,False,True,False
0,3,1,-0.19611986978531534,1,0,-0.5060101801935598,2,man,1,Southampton,0.0,0,2,False,True,False,True,False
0,2,1,0.890140635402401,0,0,-0.1573379788472911,2,man,1,Southampton,0.0,1,1,True,False,False,False,True
1,2,0,1.3914916377967315,0,0,-0.3975259296032985,2,woman,0,Southampton,0.0,1,1,True,False,False,False,True
1,1,1,1.1408161365995662,0,0,-0.1518136559799029,2,man,1,Southampton,0.0,1,1,False,False,False,False,True
1,1,0,-0.5303538713815358,0,0,2.2551097985460475,2,woman,0,Southampton,0.0,1,1,False,False,False,True,False
1,1,0,-0.3632368705834255,0,0,0.2942960717254568,0,woman,0,Cherbourg,0.0,1,1,False,False,False,True,False
0,1,1,0.11297285360260084,0,0,-0.14676970901402675,2,man,1,Southampton,0.0,1,1,False,False,False,True,False
1,1,1,1.6421671389938968,1,0,0.34225295872520434,2,man,1,Southampton,0.0,0,2,False,False,False,False,True
0,3,1,0.054555631411849964,0,0,-0.4747069649474309,2,man,1,Southampton,0.0,1,1,False,True,False,True,False
0,2,1,1.9764011405901172,0,0,-0.4071334476335388,2,man,1,Southampton,0.0,1,1,True,False,False,False,True
0,3,1,-0.781029372578701,0,0,-0.50993389055711,2,man,1,Southampton,0.0,1,1,False,True,False,True,False
1,1,0,0.8065821350033459,0,0,3.71497216324106,0,woman,0,Cherbourg,0.0,1,1,False,False,False,False,True
1,2,0,-0.11256136938626023,0,0,-0.4551710377847403,2,woman,0,Southampton,0.0,1,1,True,False,False,True,False
0,3,1,0.11297285360260084,0,0,-0.3590958574823373,1,man,1,Queenstown,0.0,1,1,False,True,False,True,False
0,3,1,0.38878963300807035,0,0,-0.5075320110495499,2,man,1,Southampton,0.0,1,1,False,True,False,True,False
1,2,0,-1.8672898777664173,0,1,-0.022832726423926943,2,child,0,Southampton,0.0,0,2,True,False,False,False,False
0,3,1,-0.9481463733768112,1,0,-0.5213822090419443,2,man,1,Southampton,0.0,0,2,False,True,True,False,False
0,2,1,0.47234813340712545,0,0,-0.4071334476335388,2,man,1,Southampton,0.0,1,1,True,False,False,True,False
0,2,1,1.809284139792007,0,0,-0.4071334476335388,2,man,1,Southampton,0.0,1,1,True,False,False,False,True
1,1,1,-0.11256136938626023,1,0,0.363389498391733,2,man,1,Southampton,0.0,0,2,False,False,False,True,False
0,3,1,-0.6974708721796459,0,0,-0.49047866654587335,2,man,1,Southampton,0.0,1,1,False,True,False,True,False
1,2,0,0.13811413181090507,3,0,-0.25341315914969403,2,woman,0,Southampton,0.0,0,4,True,False,False,True,False
1,3,0,0.11297285360260084,0,0,-0.508252574901818,1,woman,0,Queenstown,0.0,1,1,False,True,False,True,False
0,2,1,-0.2796783701843704,1,0,-0.1573379788472911,2,man,1,Southampton,0.0,0,2,True,False,False,True,False
0,3,0,-0.2796783701843704,1,0,-0.5046497556404778,2,woman,0,Southampton,0.0,0,2,False,True,False,True,False
1,1,0,0.054555631411849964,0,0,3.403928767012031,2,woman,0,Southampton,0.0,1,1,False,False,False,True,False
0,3,1,-1.4494973757711418,0,0,-0.29592642643350736,0,child,0,Cherbourg,0.0,1,1,False,True,False,False,False
0,3,1,0.012776381212322415,0,0,-0.3475668358460489,2,man,1,Southampton,0.0,1,1,False,True,False,True,False
0,3,0,1.6421671389938968,1,3,0.0035879481592338714,2,woman,0,Southampton,0.0,0,5,False,True,False,False,True
1,1,1,0.5559066338061806,0,0,9.187495136417388,0,man,1,Cherbourg,0.0,1,1,False,False,False,True,False
1,1,1,0.11297285360260084,0,0,-0.08047783460536873,2,man,1,Southampton,0.0,1,1,False,False,False,True,False
0,1,1,0.6394651342052357,1,0,0.8581766769491082,2,man,1,Southampton,0.0,0,2,False,False,False,False,True
1,1,0,-0.6139123717805908,2,2,4.384616169948809,0,woman,0,Cherbourg,0.0,0,5,False,False,False,True,False
0,3,1,-0.3632368705834255,1,0,-0.3475668358460489,2,man,1,Southampton,0.0,0,2,False,True,False,True,False
1,3,1,0.22167263220996017,0,0,-0.5046497556404778,2,man,1,Southampton,0.0,1,1,False,True,False,True,False
0,3,1,-1.0317048737758663,1,1,-0.2678244361950545,2,man,1,Southampton,0.0,0,3,False,True,True,False,False
1,2,0,0.13811413181090507,0,0,-0.4071334476335388,2,woman,0,Southampton,0.0,1,1,True,False,False,True,False
0,1,1,-0.781029372578701,1,0,0.363389498391733,2,man,1,Southampton,0.0,0,2,False,False,False,True,False
0,3,1,0.22167263220996017,0,0,-0.5080123869510619,1,man,1,Queenstown,0.0,1,1,False,True,False,True,False
1,2,0,-2.0344068785645275,1,1,-0.21498308702873287,2,child,0,Southampton,0.0,0,3,True,False,False,False,False
1,3,1,-1.8672898777664173,0,1,-0.4172213415652911,2,child,0,Southampton,0.0,0,2,False,True,False,False,False
0,3,1,0.38878963300807035,0,0,-0.47438607384522086,2,man,1,Southampton,0.0,1,1,False,True,False,True,False
0,3,1,-0.4467953709824806,0,0,-0.5052108346934439,2,man,1,Southampton,0.0,1,1,False,True,False,True,False
1,2,0,1.6421671389938968,1,2,0.592048427511452,2,woman,0,Southampton,0.0,0,4,True,False,False,False,True
1,2,1,-2.3126566848933807,1,1,-0.37831089354281794,2,child,0,Southampton,0.0,0,3,True,False,False,False,False
0,3,1,-0.029002868987205135,0,0,-0.5071323382994919,2,man,1,Southampton,0.0,1,1,False,True,False,True,False
1,1,0,0.38878963300807035,0,0,1.0051717028117848,2,woman,0,Southampton,0.0,1,1,False,False,False,True,False
0,3,1,1.057257636200511,0,0,-0.5200217844888623,2,man,1,Southampton,0.0,1,1,False,True,False,False,True
1,3,1,-0.6974708721796459,0,0,-0.5180195777313602,0,man,1,Cherbourg,0.0,1,1,False,True,False,True,False
1,1,0,0.6394651342052357,1,2,1.6488754108378847,2,woman,0,Southampton,0.0,0,4,False,False,False,False,True
0,3,1,-1.0317048737758663,0,0,-0.5075320110495499,2,man,1,Southampton,0.0,1,1,False,True,True,False,False
1,1,0,1.892842640191062,1,0,0.8410426292939776,2,woman,0,Southampton,0.0,0,2,False,False,False,False,True
0,1,1,0.11297285360260084,0,0,0.103986511575245,0,man,1,Cherbourg,0.0,1,1,False,False,False,True,False
0,3,0,0.17989338201043262,0,0,-0.5080123869510619,1,woman,0,Queenstown,0.0,1,1,False,True,False,True,False
0,3,1,0.11297285360260084,1,0,-0.19288579555918023,1,man,1,Queenstown,0.0,0,2,False,True,False,True,False
0,3,1,0.30523113260901524,0,0,-0.4962431773640175,2,man,1,Southampton,0.0,1,1,False,True,False,True,False
0,3,1,-0.3632368705834255,0,0,-0.47438607384522086,2,man,1,Southampton,0.0,1,1,False,True,False,True,False
0,3,1,1.6421671389938968,0,0,-0.5060101801935598,2,man,1,Southampton,0.0,1,1,False,True,False,False,True
0,2,0,2.394193642585393,0,0,-0.4551710377847403,2,woman,0,Southampton,0.0,1,1,True,False,False,False,True
1,2,0,2.1435181413882276,1,3,-0.21498308702873287,2,woman,0,Southampton,0.0,0,5,True,False,False,False,True
0,3,1,-0.8645878729777561,0,0,-0.5080123869510619,2,man,1,Southampton,0.0,1,1,False,True,True,False,False
1,3,0,-1.9508483781654724,0,0,-0.4172213415652911,2,child,0,Southampton,0.0,1,1,False,True,False,False,False
0,3,1,0.11297285360260084,0,0,-0.508252574901818,1,man,1,Queenstown,0.0,1,1,False,True,False,True,False
1,1,0,1.2243746369986213,0,1,3.403928767012031,2,woman,0,Southampton,0.0,0,2,False,False,False,False,True
1,3,0,-1.2823803749730316,0,0,-0.5180195777313602,0,child,0,Cherbourg,0.0,1,1,False,True,True,False,False
1,1,0,-0.9481463733768112,1,0,0.4383281390276073,2,woman,0,Southampton,0.0,0,2,False,False,True,False,False
0,1,1,0.054555631411849964,0,0,-0.08047783460536873,2,man,1,Southampton,0.0,1,1,False,False,False,True,False
0,3,1,0.11297285360260084,1,2,-0.20633632080151662,2,man,1,Southampton,0.0,0,4,False,True,False,True,False
0,3,1,-0.2796783701843704,0,0,-0.5214629121933984,2,man,1,Southampton,0.0,1,1,False,True,False,True,False
0,3,1,-0.2796783701843704,0,0,-0.5176199049813022,2,man,1,Southampton,0.0,1,1,False,True,False,True,False
1,3,0,-0.8645878729777561,0,0,-0.5128968491176361,2,woman,0,Southampton,0.0,1,1,False,True,True,False,False
0,3,1,-1.700172876968307,4,1,-0.09729099115828924,1,child,0,Queenstown,0.0,0,6,False,True,False,False,False
1,3,1,-2.285082379761693,1,2,-0.26157954947539835,2,child,0,Southampton,0.0,0,4,False,True,False,False,False
0,1,1,1.4750501381957866,0,0,0.8649019395702765,0,man,1,Cherbourg,0.0,1,1,False,False,False,False,True
0,2,1,-1.0317048737758663,0,0,-0.1573379788472911,2,man,1,Southampton,0.0,1,1,True,False,True,False,False
0,1,1,0.11297285360260084,0,0,-0.06710801251448635,0,man,1,Cherbourg,0.0,1,1,False,False,False,True,False
0,3,1,-0.2796783701843704,0,0,-0.5052108346934439,2,man,1,Southampton,0.0,1,1,False,True,False,True,False
0,2,1,0.890140635402401,0,0,-0.4071334476335388,2,man,1,Southampton,0.0,1,1,True,False,False,False,True
1,1,0,1.7257256393929519,0,0,-0.15869840340037308,2,woman,0,Southampton,0.0,1,1,False,False,False,False,True
1,3,0,0.22167263220996017,0,0,-0.4900789937958154,2,woman,0,Southampton,0.0,1,1,False,True,False,True,False
0,3,1,0.13811413181090507,0,0,-0.5180195777313602,0,man,1,Cherbourg,0.0,1,1,False,True,False,True,False
0,3,0,0.13811413181090507,1,1,-0.19288579555918023,2,woman,0,Southampton,0.0,0,3,False,True,False,True,False
1,2,0,0.22167263220996017,1,1,-0.15253421983217094,2,woman,0,Southampton,0.0,0,3,True,False,False,True,False
1,1,1,-1.4494973757711418,1,2,1.6488754108378847,2,child,0,Southampton,0.0,0,4,False,False,False,False,False
1,3,1,-2.3335463099931446,0,1,-0.49328021880349143,0,child,0,Cherbourg,0.0,0,2,False,True,False,False,False
1,3,1,-0.11256136938626023,0,0,-0.5229040398979343,2,man,1,Southampton,0.0,1,1,False,True,False,True,False
0,3,1,0.22167263220996017,0,0,-0.5075320110495499,2,man,1,Southampton,0.0,1,1,False,True,False,True,False
0,1,1,0.890140635402401,0,0,-0.6569289164197866,2,man,1,Southampton,0.0,1,1,False,False,False,False,True
0,3,0,-0.8645878729777561,0,0,-0.5075320110495499,2,woman,0,Southampton,0.0,1,1,False,True,True,False,False
1,1,0,0.38878963300807035,1,0,0.363389498391733,2,woman,0,Southampton,0.0,0,2,False,False,False,True,False
0,3,1,-0.19611986978531534,0,0,-0.5053703194927458,2,man,1,Southampton,0.0,1,1,False,True,False,True,False
0,3,1,0.890140635402401,0,0,-0.19288579555918023,2,man,1,Southampton,0.0,1,1,False,True,False,False,True
0,2,1,0.5559066338061806,0,0,-0.4551710377847403,2,man,1,Southampton,0.0,1,1,True,False,False,True,False
0,3,0,-1.8672898777664173,4,2,-0.055978663628255994,2,child,0,Southampton,0.0,0,7,False,True,False,False,False
0,3,1,0.17989338201043262,0,0,-0.5022478761329178,2,man,1,Southampton,0.0,1,1,False,True,False,True,False
0,3,0,-0.4467953709824806,0,0,-0.5046497556404778,2,woman,0,Southampton,0.0,1,1,False,True,False,True,False
0,2,1,0.22167263220996017,1,1,0.0541081209694494,0,man,1,Cherbourg,0.0,0,3,True,False,False,True,False
0,3,1,1.2243746369986213,0,0,-0.5329919338296867,2,man,1,Southampton,0.0,1,1,False,True,False,False,True
0,3,1,-1.533055876170197,3,2,-0.120829410332378,2,child,0,Southampton,0.0,0,6,False,True,False,False,False
1,1,0,1.9764011405901172,1,1,1.139676955235149,2,woman,0,Southampton,0.0,0,3,False,False,False,False,True
1,3,1,-0.11256136938626023,0,0,-0.49047866654587335,2,man,1,Southampton,0.0,1,1,False,True,False,True,False
0,1,1,0.8065821350033459,0,0,-0.6569289164197866,2,man,1,Southampton,0.0,1,1,False,False,False,False,True
1,3,0,-0.11256136938626023,0,1,-0.4172213415652911,2,woman,0,Southampton,0.0,0,2,False,True,False,True,False
0,3,1,-2.2015238793626377,4,1,0.10566782723053703,2,child,0,Southampton,0.0,0,6,False,True,False,False,False
0,3,1,0.11297285360260084,0,0,-0.5233844157994464,1,man,1,Queenstown,0.0,1,1,False,True,False,True,False
0,3,1,0.11297285360260084,0,0,0.42863991784591304,2,man,1,Southampton,0.0,1,1,False,True,False,True,False
1,2,1,-2.285082379761693,0,2,0.0541081209694494,0,child,0,Cherbourg,0.0,0,3,True,False,False,False,False
1,3,1,0.11297285360260084,0,0,-0.5080123869510619,1,man,1,Queenstown,0.0,1,1,False,True,False,True,False
1,3,0,-1.1152633741749214,1,0,-0.3791909421943879,0,child,0,Cherbourg,0.0,0,2,False,True,True,False,False
1,2,1,-2.2992873248295322,1,1,-0.2966469902857754,2,child,0,Southampton,0.0,0,3,True,False,False,False,False
0,3,1,-0.4467953709824806,0,0,-0.5060101801935598,2,man,1,Southampton,0.0,1,1,False,True,False,True,False
0,3,1,-0.8645878729777561,0,0,-0.49744411711779757,2,man,1,Southampton,0.0,1,1,False,True,True,False,False
1,1,0,0.890140635402401,1,1,0.9409608168084768,0,woman,0,Cherbourg,0.0,0,3,False,False,False,False,True
0,3,1,-0.6139123717805908,0,0,-0.49047866654587335,2,man,1,Southampton,0.0,1,1,False,True,False,True,False
1,1,1,0.11297285360260084,0,0,-0.08624234542351292,0,man,1,Cherbourg,0.0,1,1,False,False,False,True,False
0,3,1,-0.6974708721796459,0,0,-0.5046497556404778,2,man,1,Southampton,0.0,1,1,False,True,False,True,False
0,2,1,-1.0317048737758663,0,0,-0.4551710377847403,2,man,1,Southampton,0.0,1,1,True,False,True,False,False
1,1,0,0.13811413181090507,0,0,-0.06126279854488813,0,woman,0,Cherbourg,0.0,1,1,False,False,False,True,False
0,3,1,0.514127383606653,0,0,-0.5332321217804427,0,man,1,Cherbourg,0.0,1,1,False,True,False,True,False
0,3,1,1.1408161365995662,0,0,-0.5118553941631581,2,man,1,Southampton,0.0,1,1,False,True,False,False,True
0,3,1,0.5559066338061806,0,0,-0.5052108346934439,0,man,1,Cherbourg,0.0,1,1,False,True,False,True,False
0,2,1,-0.029002868987205135,0,1,-0.022832726423926943,2,man,1,Southampton,0.0,0,2,True,False,False,True,False
1,1,0,0.11297285360260084,1,0,1.0552114997204884,0,woman,0,Cherbourg,0.0,0,2,False,False,False,True,False
0,3,1,-2.0344068785645275,4,2,-0.055978663628255994,2,child,0,Southampton,0.0,0,7,False,True,False,False,False
0,3,0,-1.616614376569252,1,1,-0.36398031964891153,0,child,0,Cherbourg,0.0,0,3,False,True,False,False,False
1,1,0,-1.0317048737758663,0,1,0.10014350436314882,2,woman,0,Southampton,0.0,0,2,False,False,True,False,False
0,2,0,1.3079331373976764,1,0,-0.1573379788472911,2,woman,0,Southampton,0.0,0,2,True,False,False,False,True
1,3,0,-0.8645878729777561,0,1,-0.47726832925429297,2,woman,0,Southampton,0.0,0,2,False,True,True,False,False
1,1,0,1.3914916377967315,1,1,2.5109906692526494,2,woman,0,Southampton,0.0,0,3,False,False,False,False,True
1,1,1,1.892842640191062,0,0,-0.14676970901402675,2,man,1,Southampton,0.0,1,1,False,False,False,False,True
1,3,0,-0.3632368705834255,0,3,-0.28687998745623317,0,woman,0,Cherbourg,0.0,0,4,False,True,False,True,False
0,3,1,1.057257636200511,2,0,-0.3858374231677082,2,man,1,Southampton,0.0,0,3,False,True,False,False,True
0,2,1,-0.6139123717805908,1,0,-0.4359560017242597,2,man,1,Southampton,0.0,0,2,True,False,False,True,False
1,1,0,1.6421671389938968,0,0,-0.15869840340037308,2,woman,0,Southampton,0.0,1,1,False,False,False,False,True
0,2,1,-0.3632368705834255,0,0,-0.4071334476335388,2,man,1,Southampton,0.0,1,1,True,False,False,True,False
1,2,0,1.1408161365995662,0,0,-0.4071334476335388,2,woman,0,Southampton,0.0,1,1,True,False,False,False,True
1,2,0,-0.11256136938626023,1,0,-0.39064118218282834,0,woman,0,Cherbourg,0.0,0,2,True,False,False,True,False
0,1,1,0.22167263220996017,0,0,0.3133497014830295,2,man,1,Southampton,0.0,1,1,False,False,False,True,False
0,3,1,0.11297285360260084,0,0,-0.47438607384522086,2,man,1,Southampton,0.0,1,1,False,True,False,True,False
1,3,1,-2.0344068785645275,1,1,-0.44300215544763794,2,child,0,Southampton,0.0,0,3,False,True,False,False,False
1,1,0,1.5586086385948417,1,1,0.3529019317099227,2,woman,0,Southampton,0.0,0,3,False,False,False,False,True
0,1,1,0.38878963300807035,0,0,-0.5608537361173835,2,man,1,Southampton,0.0,1,1,False,False,False,True,False
0,3,1,1.5586086385948417,0,0,-0.4839935918754612,2,man,1,Southampton,0.0,1,1,False,True,False,False,True
1,2,0,-0.029002868987205135,1,0,-0.19576805096825228,0,woman,0,Cherbourg,0.0,0,2,True,False,False,True,False
1,3,0,-1.1152633741749214,0,0,-0.5181002808828142,0,child,0,Cherbourg,0.0,1,1,False,True,True,False,False
0,3,1,-0.6974708721796459,0,0,-0.4677415143755067,2,man,1,Southampton,0.0,1,1,False,True,False,True,False
1,1,0,2.310635142186338,0,1,0.9409608168084768,0,woman,0,Cherbourg,0.0,0,2,False,False,False,False,True
1,2,0,-0.2796783701843704,0,1,-0.1573379788472911,2,woman,0,Southampton,0.0,0,2,True,False,False,True,False
0,3,1,0.38878963300807035,0,0,-0.5052108346934439,2,man,1,Southampton,0.0,1,1,False,True,False,True,False
0,3,0,-0.5303538713815358,0,0,-0.45485014668253027,2,woman,0,Southampton,0.0,1,1,False,True,False,True,False
0,2,1,-0.029002868987205135,0,0,-0.4551710377847403,2,man,1,Southampton,0.0,1,1,True,False,False,True,False
0,3,0,0.890140635402401,0,5,-0.09729099115828924,1,woman,0,Queenstown,0.0,0,6,False,True,False,False,True
1,1,0,-0.781029372578701,0,0,-0.08047783460536873,2,woman,0,Southampton,0.0,1,1,False,False,False,True,False
0,3,0,0.11297285360260084,1,2,-0.20633632080151662,2,woman,0,Southampton,0.0,0,4,False,True,False,True,False
1,1,1,-0.19611986978531534,0,0,-0.08047783460536873,0,man,1,Cherbourg,0.0,1,1,False,False,False,True,False
0,3,1,0.30523113260901524,0,0,-0.5080123869510619,1,man,1,Queenstown,0.0,1,1,False,True,False,True,False
